family,seed,p,r,embedding_degree,cofactor,p_bits,r_bits,rho,extnfs_security_bits,pollard_security_bits,pairing_proxy,model,rng_seed
BLS12,-905,183539239219611907,670801131601,12,273612,58,40,1.459738047891,47.437261,19.643547,120,bn254-calibrated,20260722
BLS12,-854,129611000186977321,531901098541,12,243675,57,39,1.459396952465,47.213138,19.476184,120,bn254-calibrated,20260722
BLS12,-836,114065458264710847,488454919921,12,233523,57,39,1.459270277059,47.130530,19.414717,120,bn254-calibrated,20260722
BLS12,-707,41746690003170157,249848522953,12,167088,56,38,1.458246479398,46.474958,18.931131,120,bn254-calibrated,20260722
BLS12,-638,22550808113412913,165684410893,12,136107,55,38,1.457594400666,46.068194,18.634823,120,bn254-calibrated,20260722
BLS12,-437,2332117565215927,36468967993,12,63948,52,36,1.455014371032,44.534209,17.542975,108,bn254-calibrated,20260722
BLS12,-413,1662176308942063,29093613193,12,57132,51,35,1.454603537059,44.300266,17.379992,108,bn254-calibrated,20260722
BLS12,-329,425291012027971,11716005841,12,36300,49,34,1.452875801781,43.344699,16.723881,108,bn254-calibrated,20260722
BLS12,-311,303546338965897,9354855121,12,32448,49,34,1.452429160927,43.104738,16.561534,108,bn254-calibrated,20260722
BLS12,-185,13507620736147,1171316401,12,11532,44,31,1.447905011604,40.818383,15.062742,96,bn254-calibrated,20260722
BLS12,-62,19544008177,14772493,12,1323,35,24,1.435397163159,35.509384,11.908205,72,bn254-calibrated,20260722
BLS12,-56,10647363907,9831361,12,1083,34,24,1.433976279703,34.973909,11.614480,72,bn254-calibrated,20260722
BLS12,-38,1056432313,2083693,12,507,30,21,1.428086583398,32.856552,10.495356,72,bn254-calibrated,20260722
BLS12,-5,7207,601,12,12,13,10,1.388243535621,18.740589,4.615611,36,bn254-calibrated,20260722
BLS12,-2,37,13,12,3,6,4,1.407793063103,8.305496,1.850220,24,bn254-calibrated,20260722
BLS12,4,727,241,12,3,10,8,1.201307278543,14.837827,3.956445,36,bn254-calibrated,20260722
BLS12,100,326667333367,99990001,12,3267,39,27,1.439271026369,37.891274,13.287640,84,bn254-calibrated,20260722
BLS12,118,884600761357,193863853,12,4563,40,28,1.441538686467,38.697523,13.765234,84,bn254-calibrated,20260722
BLS12,229,47652104678677,2750006041,12,17328,46,32,1.449051659515,41.760688,15.678394,96,bn254-calibrated,20260722
BLS12,559,10134281998293787,97644062881,12,103788,54,37,1.456443020585,45.533918,18.253407,120,bn254-calibrated,20260722
BLS12,718,45542198423959957,265764479053,12,171363,56,38,1.458131074533,46.532117,18.975679,120,bn254-calibrated,20260722
BLS12,853,128101278031930117,529414129273,12,241968,57,39,1.459216294079,47.205569,19.472803,120,bn254-calibrated,20260722
BLS12,1147,757707039404212903,1730825725273,12,437772,60,41,1.460952051173,48.338764,20.327299,132,bn254-calibrated,20260722
BLS12,1195,969077958827667607,2039253972601,12,475212,60,41,1.461180440058,48.493304,20.445589,132,bn254-calibrated,20260722
BLS24,-68,725518027397665519,457163218272001,24,1587,60,49,1.218319329104,68.994611,24.349851,168,bn254-calibrated,20260722
BLS24,-5,4680007,390001,24,12,23,19,1.193018797487,41.182387,9.286559,72,bn254-calibrated,20260722
BLS24,10,2699730037,99990001,24,27,32,27,1.178921441980,49.740367,13.287640,96,bn254-calibrated,20260722
BLS24,46,13532135234274721,20047607754481,24,675,54,45,1.212696622108,65.586181,22.094248,144,bn254-calibrated,20260722
BLS24,49,25522886250087217,33232924804801,24,768,55,45,1.213389534371,66.143580,22.458839,144,bn254-calibrated,20260722
BN,-9974,356234858765040253,356234858168156197,12,1,59,59,1.000000000041,47.861265,29.152803,192,bn254-calibrated,20260722
BN,-9935,350695564998350791,350695564406125441,12,1,59,59,1.000000000042,47.851293,29.141498,192,bn254-calibrated,20260722
BN,-9928,349708212270560593,349708211679169489,12,1,59,59,1.000000000042,47.849499,29.139465,192,bn254-calibrated,20260722
BN,-9806,332832531723600109,332832531146654293,12,1,59,59,1.000000000043,47.818011,29.103787,192,bn254-calibrated,20260722
BN,-9698,318409809407006773,318409808842699549,12,1,59,59,1.000000000044,47.789789,29.071831,192,bn254-calibrated,20260722
BN,-9666,314227893940089589,314227893379500253,12,1,59,59,1.000000000044,47.781363,29.062294,192,bn254-calibrated,20260722
BN,-9593,304842143994090403,304842143441936509,12,1,59,59,1.000000000045,47.762030,29.040420,192,bn254-calibrated,20260722
BN,-9362,276522617834705173,276522617308822909,12,1,58,58,1.000000000047,47.699809,28.970088,192,bn254-calibrated,20260722
BN,-9323,271943482842539023,271943482321029049,12,1,58,58,1.000000000048,47.689144,28.958042,192,bn254-calibrated,20260722
BN,-9229,261140377735004923,261140377223958277,12,1,58,58,1.000000000049,47.663243,28.928802,192,bn254-calibrated,20260722
BN,-9025,238804893910760851,238804893422057101,12,1,58,58,1.000000000051,47.606057,28.864305,192,bn254-calibrated,20260722
BN,-8842,220016588688171973,220016588219086189,12,1,58,58,1.000000000053,47.553580,28.805195,192,bn254-calibrated,20260722
BN,-8809,216750266647887043,216750266182296157,12,1,58,58,1.000000000054,47.543994,28.794406,192,bn254-calibrated,20260722
BN,-8781,214007479404929659,214007478942293893,12,1,58,58,1.000000000054,47.535831,28.785219,192,bn254-calibrated,20260722
BN,-8736,209654066240394049,209654065782487873,12,1,58,58,1.000000000055,47.522654,28.770394,192,bn254-calibrated,20260722
BN,-8653,201799054251109243,201799053801862789,12,1,58,58,1.000000000056,47.498159,28.742849,192,bn254-calibrated,20260722
BN,-8571,194257507453399279,194257507012627033,12,1,58,58,1.000000000057,47.473714,28.715374,192,bn254-calibrated,20260722
BN,-8479,186050063601424423,186050063170063777,12,1,58,58,1.000000000058,47.445991,28.684234,192,bn254-calibrated,20260722
BN,-8431,181872630141140359,181872629714649793,12,1,58,58,1.000000000059,47.431400,28.667853,192,bn254-calibrated,20260722
BN,-8365,176244009750753211,176244009330913861,12,1,58,58,1.000000000060,47.411192,28.645176,192,bn254-calibrated,20260722
BN,-8310,171654160933980541,171654160519643941,12,1,58,58,1.000000000061,47.394223,28.626141,192,bn254-calibrated,20260722
BN,-8238,165781831735842733,165781831328654869,12,1,58,58,1.000000000062,47.371828,28.601032,192,bn254-calibrated,20260722
BN,-8220,164337599208824281,164337598803413881,12,1,58,58,1.000000000062,47.366197,28.594720,192,bn254-calibrated,20260722
BN,-7913,141127705653791683,141127705278098269,12,1,57,57,1.000000000067,47.268089,28.484889,192,bn254-calibrated,20260722
BN,-7910,140913801563390941,140913801187982341,12,1,57,57,1.000000000067,47.267111,28.483795,192,bn254-calibrated,20260722
BN,-7885,139140709648884091,139140709275844741,12,1,57,57,1.000000000068,47.258941,28.474661,192,bn254-calibrated,20260722
BN,-7881,138858575424211459,138858575051550493,12,1,57,57,1.000000000068,47.257631,28.473197,192,bn254-calibrated,20260722
BN,-7868,137944601640457753,137944601269025209,12,1,57,57,1.000000000068,47.253370,28.468433,192,bn254-calibrated,20260722
BN,-7800,133237119188113201,133237118823073201,12,1,57,57,1.000000000069,47.230957,28.443387,192,bn254-calibrated,20260722
BN,-7735,128850950759247991,128850950400266641,12,1,57,57,1.000000000071,47.209339,28.419240,192,bn254-calibrated,20260722
BN,-7713,127391226991164883,127391226634222669,12,1,57,57,1.000000000071,47.201978,28.411022,192,bn254-calibrated,20260722
BN,-7595,119772312065478031,119772311719373881,12,1,57,57,1.000000000073,47.162114,28.366536,192,bn254-calibrated,20260722
BN,-7591,119520184798553239,119520184452813553,12,1,57,57,1.000000000074,47.160751,28.365016,192,bn254-calibrated,20260722
BN,-7542,116463820010670973,116463819669380389,12,1,57,57,1.000000000075,47.143995,28.346330,192,bn254-calibrated,20260722
BN,-7416,108873660497879089,108873660167896753,12,1,57,57,1.000000000077,47.100370,28.297716,192,bn254-calibrated,20260722
BN,-7323,103514057717711023,103514057395953049,12,1,57,57,1.000000000079,47.067664,28.261302,192,bn254-calibrated,20260722
BN,-7253,99612383997393643,99612383681757589,12,1,57,57,1.000000000081,47.042754,28.233587,192,bn254-calibrated,20260722
BN,-7184,95875434199461793,95875433889802657,12,1,57,57,1.000000000083,47.017949,28.206005,192,bn254-calibrated,20260722
BN,-7098,91366144076670373,91366143774380749,12,1,57,57,1.000000000085,46.986677,28.171255,192,bn254-calibrated,20260722
BN,-7010,86918579592044341,86918579297203741,12,1,57,57,1.000000000087,46.954258,28.135257,192,bn254-calibrated,20260722
BN,-6944,83691009901837633,83691009612522817,12,1,57,57,1.000000000089,46.929659,28.107961,192,bn254-calibrated,20260722
BN,-6820,77871102127168681,77871101848094281,12,1,57,57,1.000000000092,46.882765,28.055969,192,bn254-calibrated,20260722
BN,-6750,74722820030959501,74722819757584501,12,1,57,57,1.000000000094,46.855891,28.026199,192,bn254-calibrated,20260722
BN,-6201,53220554098563619,53220553867849213,12,1,56,56,1.000000000113,46.634266,27.781417,192,bn254-calibrated,20260722
BN,-6183,52605269343213463,52605269113836529,12,1,56,56,1.000000000113,46.626651,27.773028,192,bn254-calibrated,20260722
BN,-6175,52333528741222951,52333528512439201,12,1,56,56,1.000000000114,46.623258,27.769293,192,bn254-calibrated,20260722
BN,-6162,51894197355185173,51894197127363709,12,1,56,56,1.000000000114,46.617736,27.763211,192,bn254-calibrated,20260722
BN,-5958,45355671971494813,45355671758508229,12,1,56,56,1.000000000122,46.529423,27.666066,192,bn254-calibrated,20260722
BN,-5879,42997427358092023,42997427150716177,12,1,56,56,1.000000000126,46.494358,27.627550,192,bn254-calibrated,20260722
BN,-5844,41982569667812233,41982569462898217,12,1,56,56,1.000000000128,46.478662,27.610320,192,bn254-calibrated,20260722
BN,-5774,40006854393625453,40006854193590997,12,1,56,56,1.000000000131,46.446968,27.575548,192,bn254-calibrated,20260722
BN,-5750,39345797480965501,39345797282590501,12,1,56,56,1.000000000132,46.436008,27.563530,192,bn254-calibrated,20260722
BN,-5740,39072788946003961,39072788748318361,12,1,56,56,1.000000000132,46.431426,27.558507,192,bn254-calibrated,20260722
BN,-5566,34545961507603789,34545961321721653,12,1,55,55,1.000000000141,46.350327,27.469683,192,bn254-calibrated,20260722
BN,-5482,32507188235811973,32507188055498029,12,1,55,55,1.000000000146,46.310206,27.425804,192,bn254-calibrated,20260722
BN,-5434,31383481343792293,31383481166622157,12,1,55,55,1.000000000149,46.286985,27.400427,180,bn254-calibrated,20260722
BN,-5389,30356706279821563,30356706105573637,12,1,55,55,1.000000000151,46.265016,27.376432,180,bn254-calibrated,20260722
BN,-5287,28122738018166423,28122737850452209,12,1,55,55,1.000000000157,46.214490,27.321293,180,bn254-calibrated,20260722
BN,-5286,28101466151961949,28101465984311173,12,1,55,55,1.000000000158,46.213990,27.320747,180,bn254-calibrated,20260722
BN,-5200,26316756360928801,26316756198688801,12,1,55,55,1.000000000163,46.170569,27.273416,180,bn254-calibrated,20260722
BN,-5183,25974281725119463,25974281563938529,12,1,55,55,1.000000000164,46.161895,27.263967,180,bn254-calibrated,20260722
BN,-4942,21469680903348973,21469680756808789,12,1,55,55,1.000000000182,46.035574,27.126575,180,bn254-calibrated,20260722
BN,-4927,21210192349019623,21210192203367649,12,1,55,55,1.000000000183,46.027496,27.117804,180,bn254-calibrated,20260722
BN,-4619,16383260232357583,16383260104346617,12,1,54,54,1.000000000209,45.855591,26.931536,180,bn254-calibrated,20260722
BN,-4572,15726511652950873,15726511527531769,12,1,54,54,1.000000000214,45.828290,26.902024,180,bn254-calibrated,20260722
BN,-4188,11071985215315033,11071985110078969,12,1,54,54,1.000000000257,45.593368,26.648882,180,bn254-calibrated,20260722
BN,-4116,10329955619783689,10329955518134953,12,1,54,54,1.000000000267,45.546773,26.598842,180,bn254-calibrated,20260722
BN,-4032,9512110506713473,9512110409171329,12,1,54,54,1.000000000279,45.491301,26.539343,180,bn254-calibrated,20260722
BN,-3955,8805999323487871,8805999229635721,12,1,53,53,1.000000000290,45.439360,26.483704,180,bn254-calibrated,20260722
BN,-3851,7915599377370319,7915599288389113,12,1,53,53,1.000000000307,45.367470,26.406810,180,bn254-calibrated,20260722
BN,-3829,7736250943505323,7736250855537877,12,1,53,53,1.000000000311,45.351997,26.390278,180,bn254-calibrated,20260722
BN,-3817,7639718676982723,7639718589565789,12,1,53,53,1.000000000313,45.343518,26.381220,180,bn254-calibrated,20260722
BN,-3678,6586145589598093,6586145508431989,12,1,53,53,1.000000000338,45.243174,26.274178,180,bn254-calibrated,20260722
BN,-3642,6332030905527973,6332030825942989,12,1,53,53,1.000000000345,45.216526,26.245795,180,bn254-calibrated,20260722
BN,-3613,6132734299435483,6132734221112869,12,1,53,53,1.000000000351,45.194855,26.222726,180,bn254-calibrated,20260722
BN,-3480,5278307473476721,5278307400814321,12,1,53,53,1.000000000380,45.093032,26.114498,180,bn254-calibrated,20260722
BN,-3471,5223911858513479,5223911786226433,12,1,53,53,1.000000000382,45.085992,26.107026,180,bn254-calibrated,20260722
BN,-3426,4958212970959669,4958212900534813,12,1,53,53,1.000000000393,45.050500,26.069371,180,bn254-calibrated,20260722
BN,-3409,4860524263715443,4860524193987757,12,1,53,53,1.000000000397,45.036962,26.055017,180,bn254-calibrated,20260722
BN,-3241,3970860513487939,3970860450463453,12,1,52,52,1.000000000442,44.899174,25.909187,180,bn254-calibrated,20260722
BN,-3090,3280921788451861,3280921731163261,12,1,52,52,1.000000000489,44.768665,25.771511,180,bn254-calibrated,20260722
BN,-3055,3134766581307271,3134766525309121,12,1,52,52,1.000000000501,44.737443,25.738640,180,bn254-calibrated,20260722
BN,-3046,3097986535908829,3097986480240133,12,1,52,52,1.000000000504,44.729353,25.730126,180,bn254-calibrated,20260722
BN,-2976,2822853138389569,2822853085250113,12,1,52,52,1.000000000529,44.665544,25.663038,180,bn254-calibrated,20260722
BN,-2859,2404402809305743,2404402760262457,12,1,52,52,1.000000000576,44.555230,25.547300,180,bn254-calibrated,20260722
BN,-2768,2112564390680353,2112564344709409,12,1,51,51,1.000000000617,44.466044,25.453958,180,bn254-calibrated,20260722
BN,-2515,1439732432741311,1439732394789961,12,1,51,51,1.000000000755,44.200609,25.177361,168,bn254-calibrated,20260722
BN,-2499,1403439674235103,1403439636765097,12,1,51,51,1.000000000765,44.182874,25.158944,168,bn254-calibrated,20260722
BN,-2473,1345932758893123,1345932722198749,12,1,51,51,1.000000000783,44.153794,25.128764,168,bn254-calibrated,20260722
BN,-2443,1281795108196303,1281795072386809,12,1,51,51,1.000000000803,44.119831,25.093544,168,bn254-calibrated,20260722
BN,-2383,1160423288216263,1160423254144129,12,1,51,51,1.000000000846,44.050547,25.021786,168,bn254-calibrated,20260722
BN,-2079,672220231350823,672220205417377,12,1,50,50,1.000000001130,43.668169,24.627964,168,bn254-calibrated,20260722
BN,-2019,597905695681183,597905671223017,12,1,50,50,1.000000001202,43.585642,24.543456,168,bn254-calibrated,20260722
BN,-1946,516001175165029,516001152443533,12,1,49,49,1.000000001300,43.481620,24.437184,168,bn254-calibrated,20260722
BN,-1837,409734687668923,409734667421509,12,1,49,49,1.000000001469,43.318255,24.270842,168,bn254-calibrated,20260722
BN,-1785,365268400662691,365268381545341,12,1,49,49,1.000000001561,43.236622,24.187975,168,bn254-calibrated,20260722
BN,-1625,250870000865251,250869985021501,12,1,48,48,1.000000001905,42.968476,23.916967,168,bn254-calibrated,20260722
BN,-1546,205522594821829,205522580481133,12,1,48,48,1.000000002117,42.825436,23.773145,168,bn254-calibrated,20260722
BN,-1515,189524954327311,189524940555961,12,1,48,48,1.000000002210,42.767152,23.714691,168,bn254-calibrated,20260722
BN,-1436,152974084242649,152974071870073,12,1,48,48,1.000000002476,42.612637,23.560140,168,bn254-calibrated,20260722
BN,-1421,146680783939579,146680771824133,12,1,48,48,1.000000002532,42.582269,23.529837,168,bn254-calibrated,20260722
BN,-1351,119840186175319,119840175224113,12,1,47,47,1.000000002819,42.435850,23.384052,156,bn254-calibrated,20260722
BN,-1333,113578815947563,113578805286229,12,1,47,47,1.000000002900,42.396881,23.345343,156,bn254-calibrated,20260722
BN,-1329,112221400070323,112221389472877,12,1,47,47,1.000000002919,42.388144,23.336671,156,bn254-calibrated,20260722
BN,-1325,110876187877051,110876177343301,12,1,47,47,1.000000002938,42.379379,23.327971,156,bn254-calibrated,20260722
BN,-1302,103374380733373,103374370562149,12,1,47,47,1.000000003049,42.328423,23.277436,156,bn254-calibrated,20260722
BN,-1114,55392819466213,55392812020237,12,1,46,46,1.000000004248,41.871684,22.827382,156,bn254-calibrated,20260722
BN,-1112,54996006642673,54995999223409,12,1,46,46,1.000000004264,41.866389,22.822196,156,bn254-calibrated,20260722
BN,-1079,48751259976823,48751252991377,12,1,46,46,1.000000004546,41.777524,22.735252,156,bn254-calibrated,20260722
BN,-861,19761085502299,19761081054373,12,1,45,45,1.000000007352,41.105193,22.083864,156,bn254-calibrated,20260722
BN,-771,12704478646879,12704475080233,12,1,44,44,1.000000009304,40.771972,21.765201,156,bn254-calibrated,20260722
BN,-749,11314883020603,11314879654597,12,1,44,44,1.000000009897,40.684116,21.681643,156,bn254-calibrated,20260722
BN,-696,8435593092529,8435590186033,12,1,43,43,1.000000011576,40.460479,21.469813,156,bn254-calibrated,20260722
BN,-675,7462328305951,7462325572201,12,1,43,43,1.000000012359,40.366729,21.381381,144,bn254-calibrated,20260722
BN,-610,4976340370741,4976338138141,12,1,43,43,1.000000015346,40.055227,21.089111,144,bn254-calibrated,20260722
BN,-559,3508916641543,3508914766657,12,1,42,42,1.000000018497,39.784540,20.837081,144,bn254-calibrated,20260722
BN,-553,3360608491843,3360606656989,12,1,42,42,1.000000018930,39.750947,20.805929,144,bn254-calibrated,20260722
BN,-540,3055438451161,3055436701561,12,1,42,42,1.000000019919,39.676787,20.737258,144,bn254-calibrated,20260722
BN,-412,1034755347673,1034754329209,12,1,40,40,1.000000035577,38.822819,19.956213,144,bn254-calibrated,20260722
BN,-318,366983039053,366982432309,12,1,39,39,1.000000062089,37.986380,19.208460,132,bn254-calibrated,20260722
BN,-311,335697697399,335697117073,12,1,39,39,1.000000065138,37.913582,19.144185,132,bn254-calibrated,20260722
BN,-302,298464723373,298464176149,12,1,39,39,1.000000069392,37.817314,19.059383,132,bn254-calibrated,20260722
BN,-293,264418352203,264417837109,12,1,38,38,1.000000074067,37.717863,18.972014,132,bn254-calibrated,20260722
BN,-241,120939973939,120939625453,12,1,37,37,1.000000112917,37.068903,18.407748,132,bn254-calibrated,20260722
BN,-163,25257553183,25257393769,12,1,35,35,1.000000263504,35.733037,17.277993,120,bn254-calibrated,20260722
BN,-143,14949036103,14948913409,12,1,34,34,1.000000350331,35.274102,16.899661,120,bn254-calibrated,20260722
BN,-133,11180154763,11180048629,12,1,34,34,1.000000410293,35.017265,16.690104,120,bn254-calibrated,20260722
BN,-107,4675038223,4674969529,12,1,33,33,1.000000659940,34.234700,16.061155,120,bn254-calibrated,20260722
BN,-55,323505271,323487121,12,1,29,29,1.000002863317,31.717522,14.134567,108,bn254-calibrated,20260722
BN,-52,258220873,258204649,12,1,28,28,1.000003243898,31.495985,13.971970,108,bn254-calibrated,20260722
BN,-41,99286339,99276253,12,1,27,27,1.000005517180,30.539145,13.282473,96,bn254-calibrated,20260722
BN,-15,1706311,1704961,12,1,21,21,1.000055159993,26.102040,10.350654,84,bn254-calibrated,20260722
BN,-7,75223,74929,12,1,17,17,1.000348889290,22.156268,8.096618,72,bn254-calibrated,20260722
BN,-3,2143,2089,12,1,12,12,1.003338535115,16.762457,5.514298,60,bn254-calibrated,20260722
BN,-2,373,349,12,1,9,9,1.011358784029,13.555618,4.223542,48,bn254-calibrated,20260722
BN,5,27631,27481,12,1,15,15,1.000532564408,20.754768,7.373073,72,bn254-calibrated,20260722
BN,6,55333,55117,12,1,16,16,1.000358266976,21.734662,7.875105,72,bn254-calibrated,20260722
BN,7,100003,99709,12,1,17,17,1.000255798346,22.541161,8.302718,72,bn254-calibrated,20260722
BN,20,6057721,6055321,12,1,23,23,1.000025374983,27.557413,11.264886,84,bn254-calibrated,20260722
BN,78,1349772373,1349735869,12,1,31,31,1.000001286434,33.087545,15.165015,108,bn254-calibrated,20260722
BN,82,1647649453,1647609109,12,1,31,31,1.000001153775,33.274350,15.308863,108,bn254-calibrated,20260722
BN,123,8307274123,8307183349,12,1,33,33,1.000000478412,34.752690,16.475856,120,bn254-calibrated,20260722
BN,166,27501329893,27501164557,12,1,35,35,1.000000250107,35.806944,17.339387,120,bn254-calibrated,20260722
BN,169,29540757559,29540586193,12,1,35,35,1.000000240616,35.868945,17.390990,120,bn254-calibrated,20260722
BN,173,32433938623,32433759049,12,1,35,35,1.000000228763,35.949760,17.458389,132,bn254-calibrated,20260722
BN,202,60236498173,60236253349,12,1,36,36,1.000000163744,36.480589,17.904956,132,bn254-calibrated,20260722
BN,257,157661606503,157661210209,12,1,38,38,1.000000097487,37.290193,18.599018,132,bn254-calibrated,20260722
BN,295,273566918371,273566396221,12,1,38,38,1.000000072477,37.745819,18.996550,132,bn254-calibrated,20260722
BN,308,325024556473,325023987289,12,1,39,39,1.000000066065,37.887149,19.120878,132,bn254-calibrated,20260722
BN,321,383421333223,383420714977,12,1,39,39,1.000000060454,38.022126,19.240069,132,bn254-calibrated,20260722
BN,420,1122881964121,1122880905721,12,1,41,41,1.000000033970,38.887970,20.015171,144,bn254-calibrated,20260722
BN,438,1327977935173,1327976784109,12,1,41,41,1.000000031051,39.021335,20.136184,144,bn254-calibrated,20260722
BN,448,1453397215873,1453396011649,12,1,41,41,1.000000029586,39.092882,20.201282,144,bn254-calibrated,20260722
BN,460,1615393337161,1615392067561,12,1,41,41,1.000000027959,39.176486,20.277511,144,bn254-calibrated,20260722
BN,487,2029132586083,2029131163069,12,1,41,41,1.000000024747,39.356254,20.442000,144,bn254-calibrated,20260722
BN,543,3135464368723,3135462599629,12,1,42,42,1.000000019609,39.696942,20.755908,144,bn254-calibrated,20260722
BN,596,4550052682873,4550050551577,12,1,43,43,1.000000016071,39.986029,21.024510,144,bn254-calibrated,20260722
BN,650,6436121643901,6436119108901,12,1,43,43,1.000000013355,40.253286,21.274664,144,bn254-calibrated,20260722
BN,720,9688037533921,9688034423521,12,1,44,44,1.000000010737,40.566065,21.569671,156,bn254-calibrated,20260722
BN,798,14617005432373,14617001611549,12,1,44,44,1.000000008623,40.878062,21.866356,156,bn254-calibrated,20260722
BN,810,15515967187261,15515963250661,12,1,44,44,1.000000008353,40.923127,21.909409,156,bn254-calibrated,20260722
BN,811,15592707510763,15592703564437,12,1,44,44,1.000000008331,40.926850,21.912968,156,bn254-calibrated,20260722
BN,833,17354174997223,17354170833889,12,1,44,44,1.000000007870,41.007523,21.990174,156,bn254-calibrated,20260722
BN,845,18375679004671,18375674720521,12,1,45,45,1.000000007633,41.050564,22.031431,156,bn254-calibrated,20260722
BN,869,20553295478959,20553290947993,12,1,45,45,1.000000007192,41.134703,22.112217,156,bn254-calibrated,20260722
BN,872,20838506017393,20838501455089,12,1,45,45,1.000000007139,41.145044,22.122158,156,bn254-calibrated,20260722
BN,921,25930605228823,25930600139377,12,1,45,45,1.000000006355,41.308722,22.279860,156,bn254-calibrated,20260722
BN,981,33375002839183,33374997065017,12,1,45,45,1.000000005556,41.496819,22.461916,156,bn254-calibrated,20260722
BN,1027,40087338244123,40087331915749,12,1,46,46,1.000000005040,41.632825,22.594106,156,bn254-calibrated,20260722
BN,1233,83273550249223,83273541127489,12,1,47,47,1.000000003417,42.170734,23.121462,156,bn254-calibrated,20260722
BN,1288,99152388762673,99152378809009,12,1,47,47,1.000000003115,42.298062,23.247356,156,bn254-calibrated,20260722
BN,1300,102898732567801,102898722427801,12,1,47,47,1.000000003054,42.325067,23.274109,156,bn254-calibrated,20260722
BN,1401,138792202508503,138792190731697,12,1,47,47,1.000000002606,42.542273,23.489960,168,bn254-calibrated,20260722
BN,1461,164134794883663,164134782076537,12,1,48,48,1.000000002384,42.663489,23.610937,168,bn254-calibrated,20260722
BN,1463,165035240753923,165035227911709,12,1,48,48,1.000000002377,42.667437,23.614884,168,bn254-calibrated,20260722
BN,1482,173775439065853,173775425887909,12,1,48,48,1.000000002313,42.704657,23.652109,168,bn254-calibrated,20260722
BN,1492,178512613339513,178512599983129,12,1,48,48,1.000000002280,42.724041,23.671510,168,bn254-calibrated,20260722
BN,1831,404849017197283,404848997081917,12,1,49,49,1.000000001477,43.309739,24.262189,168,bn254-calibrated,20260722
BN,1908,477357356444473,477357334601689,12,1,49,49,1.000000001354,43.426547,24.381031,168,bn254-calibrated,20260722
BN,1951,521860226366803,521860203528397,12,1,49,49,1.000000001291,43.489602,24.445328,168,bn254-calibrated,20260722
BN,1996,571692176659273,571692152755177,12,1,50,50,1.000000001231,43.554015,24.511116,168,bn254-calibrated,20260722
BN,2000,576288096012001,576288072012001,12,1,50,50,1.000000001225,43.559666,24.516892,168,bn254-calibrated,20260722
BN,2240,906751891059841,906751860954241,12,1,50,50,1.000000000964,43.878231,24.843851,168,bn254-calibrated,20260722
BN,2289,988724774390599,988724742953473,12,1,50,50,1.000000000921,43.938773,24.906281,168,bn254-calibrated,20260722
BN,2436,1268206371055513,1268206335450937,12,1,51,51,1.000000000807,44.112413,25.085855,168,bn254-calibrated,20260722
BN,2440,1276555813685041,1276555777963441,12,1,51,51,1.000000000804,44.116980,25.090589,168,bn254-calibrated,20260722
BN,2458,1314639608970973,1314639572720389,12,1,51,51,1.000000000792,44.137433,25.111794,168,bn254-calibrated,20260722
BN,2555,1534744578849931,1534744539681781,12,1,51,51,1.000000000730,44.244968,25.223460,168,bn254-calibrated,20260722
BN,2581,1598169343936783,1598169303967417,12,1,51,51,1.000000000714,44.273052,25.252671,168,bn254-calibrated,20260722
BN,2633,1730895665871223,1730895624275089,12,1,51,51,1.000000000685,44.328323,25.310220,168,bn254-calibrated,20260722
BN,2671,1832992378574323,1832992335768877,12,1,51,51,1.000000000664,44.367981,25.351561,168,bn254-calibrated,20260722
BN,2930,2654124029667181,2654123978157781,12,1,52,52,1.000000000546,44.623203,25.618579,180,bn254-calibrated,20260722
BN,2968,2794501976003473,2794501923149329,12,1,52,52,1.000000000532,44.658613,25.655756,180,bn254-calibrated,20260722
BN,3017,2983648777708663,2983648723094929,12,1,52,52,1.000000000514,44.703564,25.703000,180,bn254-calibrated,20260722
BN,3051,3120424535703403,3120424479851797,12,1,52,52,1.000000000502,44.734300,25.735332,180,bn254-calibrated,20260722
BN,3144,3518607239641009,3518607180332593,12,1,52,52,1.000000000471,44.816539,25.821963,180,bn254-calibrated,20260722
BN,3198,3766622942688373,3766622881325149,12,1,52,52,1.000000000454,44.863108,25.871097,180,bn254-calibrated,20260722
BN,3241,3973311661836343,3973311598811857,12,1,52,52,1.000000000442,44.899595,25.909632,180,bn254-calibrated,20260722
BN,3350,4535355927860101,4535355860525101,12,1,53,53,1.000000000412,44.989821,26.005069,180,bn254-calibrated,20260722
BN,3472,5232948463216993,5232948390888289,12,1,53,53,1.000000000382,45.087167,26.108273,180,bn254-calibrated,20260722
BN,3549,5712798089753119,5712798014180713,12,1,53,53,1.000000000365,45.146747,26.171559,180,bn254-calibrated,20260722
BN,3610,6115776659268061,6115776581075461,12,1,53,53,1.000000000352,45.192978,26.220729,180,bn254-calibrated,20260722
BN,3738,7030332698750173,7030332614914309,12,1,53,53,1.000000000327,45.287337,26.321257,180,bn254-calibrated,20260722
BN,3777,7328336942555623,7328336856961249,12,1,53,53,1.000000000320,45.315404,26.351204,180,bn254-calibrated,20260722
BN,3963,8881951185878923,8881951091646709,12,1,53,53,1.000000000289,45.445146,26.489899,180,bn254-calibrated,20260722
BN,3995,9172302081882571,9172301986122421,12,1,54,54,1.000000000284,45.466813,26.513103,180,bn254-calibrated,20260722
BN,4036,9554649070841113,9554648973105337,12,1,54,54,1.000000000278,45.494304,26.542562,180,bn254-calibrated,20260722
BN,4135,10527120385578211,10527120282988861,12,1,54,54,1.000000000264,45.559477,26.612480,180,bn254-calibrated,20260722
BN,4256,11814382429520833,11814382320839617,12,1,54,54,1.000000000249,45.636914,26.695697,180,bn254-calibrated,20260722
BN,4277,12049278640748623,12049278530992249,12,1,54,54,1.000000000246,45.650114,26.709898,180,bn254-calibrated,20260722
BN,4282,12105718750538653,12105718640525509,12,1,54,54,1.000000000245,45.653247,26.713269,180,bn254-calibrated,20260722
BN,4325,12599327553835951,12599327441602201,12,1,54,54,1.000000000240,45.680030,26.742098,180,bn254-calibrated,20260722
BN,4387,13337426463163483,13337426347688869,12,1,54,54,1.000000000233,45.718151,26.783165,180,bn254-calibrated,20260722
BN,4403,13533056107168123,13533055990849669,12,1,54,54,1.000000000231,45.727896,26.793669,180,bn254-calibrated,20260722
BN,4646,16776941997203173,16776941867691277,12,1,54,54,1.000000000207,45.871429,26.948665,180,bn254-calibrated,20260722
BN,4712,17750712864312433,17750712731094769,12,1,54,54,1.000000000201,45.909035,26.989363,180,bn254-calibrated,20260722
BN,4752,18361139229509473,18361139094020449,12,1,55,55,1.000000000197,45.931556,27.013753,180,bn254-calibrated,20260722
BN,4918,21064197034299973,21064196889179629,12,1,55,55,1.000000000183,46.022907,27.112821,180,bn254-calibrated,20260722
BN,5298,28368233468187373,28368233299774549,12,1,55,55,1.000000000157,46.220239,27.327563,180,bn254-calibrated,20260722
BN,5369,29919684415487959,29919684242530993,12,1,55,55,1.000000000152,46.255436,27.365972,180,bn254-calibrated,20260722
BN,5529,33648631912691479,33648631729272433,12,1,55,55,1.000000000143,46.332973,27.450699,192,bn254-calibrated,20260722
BN,5755,39496560617717131,39496560418996981,12,1,56,56,1.000000000132,46.438524,27.566288,192,bn254-calibrated,20260722
BN,5928,44464001518405873,44464001307558769,12,1,56,56,1.000000000124,46.516387,27.651744,192,bn254-calibrated,20260722
BN,5933,44614198577100223,44614198365897289,12,1,56,56,1.000000000123,46.518602,27.654176,192,bn254-calibrated,20260722
BN,5951,45158060624390803,45158060411904397,12,1,56,56,1.000000000123,46.526557,27.662917,192,bn254-calibrated,20260722
BN,5954,45249185449386829,45249185236686133,12,1,56,56,1.000000000123,46.527880,27.664371,192,bn254-calibrated,20260722
BN,6103,49951340023885123,49951339800405469,12,1,56,56,1.000000000116,46.592733,27.735686,192,bn254-calibrated,20260722
BN,6132,50907516617821753,50907516392213209,12,1,56,56,1.000000000115,46.605159,27.749364,192,bn254-calibrated,20260722
BN,6145,51340574726074471,51340574499508321,12,1,56,56,1.000000000115,46.610710,27.755474,192,bn254-calibrated,20260722
BN,6158,51776389917621973,51776389690096189,12,1,56,56,1.000000000114,46.616248,27.761572,192,bn254-calibrated,20260722
BN,6732,73950896543777353,73950896271858409,12,1,57,57,1.000000000095,46.849126,28.018709,192,bn254-calibrated,20260722
BN,6910,82087596893311861,82087596606823261,12,1,57,57,1.000000000090,46.917078,28.094007,192,bn254-calibrated,20260722
BN,7012,87042642631574233,87042642336565369,12,1,57,57,1.000000000087,46.955185,28.136286,192,bn254-calibrated,20260722
BN,7174,95369285472632869,95369285163835213,12,1,57,57,1.000000000083,47.014515,28.202187,192,bn254-calibrated,20260722
BN,7176,95475676158703153,95475675849733297,12,1,57,57,1.000000000083,47.015238,28.202991,192,bn254-calibrated,20260722
BN,7307,102640407337349803,102640407016996309,12,1,57,57,1.000000000080,47.062170,28.255188,192,bn254-calibrated,20260722
BN,7341,104564089106634943,104564088783293257,12,1,57,57,1.000000000079,47.074205,28.268583,192,bn254-calibrated,20260722
BN,7363,105823150607168923,105823150281886309,12,1,57,57,1.000000000078,47.081961,28.277216,192,bn254-calibrated,20260722
BN,7384,107035556102396689,107035555775255953,12,1,57,57,1.000000000078,47.089341,28.285434,192,bn254-calibrated,20260722
BN,7495,113617962108513571,113617961771463421,12,1,57,57,1.000000000076,47.127986,28.328484,192,bn254-calibrated,20260722
BN,7531,115816586323237483,115816585982941717,12,1,57,57,1.000000000075,47.140389,28.342310,192,bn254-calibrated,20260722
BN,7592,119614685829296113,119614685483465329,12,1,57,57,1.000000000074,47.161262,28.365586,192,bn254-calibrated,20260722
BN,7610,120753074739612061,120753074392139461,12,1,57,57,1.000000000073,47.167388,28.372419,192,bn254-calibrated,20260722
BN,7644,122925513348100009,122925512997515593,12,1,57,57,1.000000000072,47.178916,28.385281,192,bn254-calibrated,20260722
BN,7671,124671460761704323,124671460408638877,12,1,57,57,1.000000000072,47.188032,28.395454,192,bn254-calibrated,20260722
BN,7768,131097761969939473,131097761607888529,12,1,57,57,1.000000000070,47.220505,28.431710,192,bn254-calibrated,20260722
BN,7775,131570931844861651,131570931482157901,12,1,57,57,1.000000000070,47.222831,28.434309,192,bn254-calibrated,20260722
BN,7826,135057084410027053,135057084042549397,12,1,57,57,1.000000000069,47.239716,28.453173,192,bn254-calibrated,20260722
BN,7848,136582109999461873,136582109629915249,12,1,57,57,1.000000000069,47.246964,28.461273,192,bn254-calibrated,20260722
BN,7875,138471341707172251,138471341335078501,12,1,57,57,1.000000000068,47.255829,28.471183,192,bn254-calibrated,20260722
BN,7931,142452167120991883,142452166743587317,12,1,57,57,1.000000000067,47.274115,28.491628,192,bn254-calibrated,20260722
BN,7949,143749758900609919,143749758521490313,12,1,57,57,1.000000000067,47.279963,28.498169,192,bn254-calibrated,20260722
BN,8091,154299664871594443,154299664478808757,12,1,58,58,1.000000000064,47.325613,28.549256,192,bn254-calibrated,20260722
BN,8285,169638714281230111,169638713869382761,12,1,58,58,1.000000000061,47.386626,28.617622,192,bn254-calibrated,20260722
BN,8300,170870541585409801,170870541172069801,12,1,58,58,1.000000000061,47.391280,28.622841,192,bn254-calibrated,20260722
BN,8411,180195801479692363,180195801055222837,12,1,58,58,1.000000000059,47.425447,28.661172,192,bn254-calibrated,20260722
BN,8418,180796400004744973,180796399579568629,12,1,58,58,1.000000000059,47.427585,28.663572,192,bn254-calibrated,20260722
BN,8552,192585707490076273,192585707051256049,12,1,58,58,1.000000000057,47.468165,28.709139,192,bn254-calibrated,20260722
BN,8862,222064169976001333,222064169504791069,12,1,58,58,1.000000000053,47.559515,28.811877,192,bn254-calibrated,20260722
BN,8918,227730433247379973,227730432770195629,12,1,58,58,1.000000000052,47.575656,28.830052,192,bn254-calibrated,20260722
BN,9107,247657529277676603,247657528780051909,12,1,58,58,1.000000000050,47.629347,28.890562,192,bn254-calibrated,20260722
BN,9171,254692778119643323,254692777614999877,12,1,58,58,1.000000000049,47.647261,28.910768,192,bn254-calibrated,20260722
BN,9184,256139932066068289,256139931559993153,12,1,58,58,1.000000000049,47.650884,28.914855,192,bn254-calibrated,20260722
BN,9269,265754657647015759,265754657131529593,12,1,58,58,1.000000000048,47.674437,28.941436,192,bn254-calibrated,20260722
BN,9283,267363850553965723,267363850036921189,12,1,58,58,1.000000000048,47.678294,28.945791,192,bn254-calibrated,20260722
BN,9379,278596047057593179,278596046529799333,12,1,58,58,1.000000000047,47.704580,28.975476,192,bn254-calibrated,20260722
BN,9521,295854634345492423,295854633801595777,12,1,59,59,1.000000000046,47.742942,29.018833,192,bn254-calibrated,20260722
BN,9566,301487567319482293,301487566770432157,12,1,59,59,1.000000000045,47.754973,29.032438,192,bn254-calibrated,20260722
BN,9577,302876654048554423,302876653498240849,12,1,59,59,1.000000000045,47.757905,29.035754,192,bn254-calibrated,20260722
BN,9590,304524484308095941,304524483756287341,12,1,59,59,1.000000000045,47.761365,29.039668,192,bn254-calibrated,20260722
BN,9591,304651518376013443,304651517824089757,12,1,59,59,1.000000000045,47.761631,29.039969,192,bn254-calibrated,20260722
BN,9653,312605573544620623,312605572985538169,12,1,59,59,1.000000000044,47.778064,29.058561,192,bn254-calibrated,20260722
BN,9702,319001221543715173,319001220978942349,12,1,59,59,1.000000000044,47.790972,29.073170,192,bn254-calibrated,20260722
