candidate_id,a0,a1,b0,b1,norm_f,factorization_f,largest_prime_f,norm_g,factorization_g,largest_prime_g,baseline_f,baseline_factorization_f,baseline_largest_prime_f,baseline_g,baseline_factorization_g,baseline_largest_prime_g,actual_f_B7,actual_g_B7,actual_joint_B7,baseline_f_B7,baseline_g_B7,baseline_joint_B7,actual_f_B13,actual_g_B13,actual_joint_B13,baseline_f_B13,baseline_g_B13,baseline_joint_B13
0,-2,-2,-2,-1,4936,2^3*617^1,617,2096,2^4*131^1,131,7751,23^1*337^1,337,2500,2^2*5^4,5,0,0,0,0,1,0,0,0,0,0,1,0
1,-2,-2,-2,1,648,2^3*3^4,3,3888,2^4*3^5,3,1002,2^1*3^1*167^1,167,3417,3^1*17^1*67^1,67,1,1,1,0,0,0,1,1,1,0,0,0
2,-2,-2,-1,-2,8777,67^1*131^1,131,4012,2^2*17^1*59^1,59,9847,43^1*229^1,229,2191,7^1*313^1,313,0,0,0,0,0,0,0,0,0,0,0,0
3,-2,-2,-1,-1,3267,3^3*11^2,11,972,2^2*3^5,3,2422,2^1*7^1*173^1,173,597,3^1*199^1,199,0,1,0,0,0,0,1,1,1,0,0,0
4,-2,-2,-1,0,1569,3^1*523^1,523,1964,2^2*491^1,491,1459,1459^1,1459,1275,3^1*5^2*17^1,17,0,0,0,0,0,0,0,0,0,0,0,0
5,-2,-2,-1,1,1523,1523^1,1523,268,2^2*67^1,67,1275,3^1*5^2*17^1,17,411,3^1*137^1,137,0,0,0,0,0,0,0,0,0,0,0,0
6,-2,-2,-1,2,3753,3^3*139^1,139,8748,2^2*3^7,3,2818,2^1*1409^1,1409,12882,2^1*3^1*19^1*113^1,113,0,1,0,0,0,0,0,1,0,0,0,0
7,-2,-2,0,-1,1944,2^3*3^5,3,2224,2^4*139^1,139,1960,2^3*5^1*7^2,7,2831,19^1*149^1,149,1,0,0,1,0,0,1,0,0,1,0,0
8,-2,-2,0,1,2008,2^3*251^1,251,1968,2^4*3^1*41^1,41,1076,2^2*269^1,269,1353,3^1*11^1*41^1,41,0,0,0,0,0,0,0,0,0,0,0,0
9,-2,-2,1,-2,1377,3^4*17^1,17,18252,2^2*3^3*13^2,13,1837,11^1*167^1,167,23452,2^2*11^1*13^1*41^1,41,0,0,0,0,0,0,0,1,0,0,0,0
10,-2,-2,1,-1,859,859^1,859,2924,2^2*17^1*43^1,43,593,593^1,593,2357,2357^1,2357,0,0,0,0,0,0,0,0,0,0,0,0
11,-2,-2,1,0,1721,1721^1,1721,1356,2^2*3^1*113^1,113,1343,17^1*79^1,79,1195,5^1*239^1,239,0,0,0,0,0,0,0,0,0,0,0,0
12,-2,-2,1,1,2187,3^7,3,5292,2^2*3^3*7^2,7,2524,2^2*631^1,631,5027,11^1*457^1,457,1,1,1,0,0,0,1,1,1,0,0,0
13,-2,-2,1,2,2497,11^1*227^1,227,29132,2^2*7283^1,7283,3485,5^1*17^1*41^1,41,22102,2^1*43^1*257^1,257,0,0,0,0,0,0,0,0,0,0,0,0
14,-2,-2,2,-1,648,2^3*3^4,3,3888,2^4*3^5,3,929,929^1,929,2676,2^2*3^1*223^1,223,1,1,1,0,0,0,1,1,1,0,0,0
15,-2,-2,2,1,2504,2^3*313^1,313,11824,2^4*739^1,739,3862,2^1*1931^1,1931,12021,3^1*4007^1,4007,0,0,0,0,0,0,0,0,0,0,0,0
16,-2,-1,-2,-2,6424,2^3*11^1*73^1,73,17624,2^3*2203^1,2203,6193,11^1*563^1,563,20678,2^1*7^2*211^1,211,0,0,0,0,0,0,0,0,0,0,0,0
17,-2,-1,-2,-1,1944,2^3*3^5,3,864,2^5*3^3,3,1982,2^1*991^1,991,674,2^1*337^1,337,1,1,1,0,0,0,1,1,1,0,0,0
18,-2,-1,-2,0,536,2^3*67^1,67,1176,2^3*3^1*7^2,7,810,2^1*3^4*5^1,5,1970,2^1*5^1*197^1,197,0,1,0,1,0,0,0,1,0,1,0,0
19,-2,-1,-2,1,88,2^3*11^1,11,4448,2^5*139^1,139,117,3^2*13^1,13,5137,11^1*467^1,467,0,0,0,0,0,0,1,0,0,1,0,0
20,-2,-1,-2,2,1944,2^3*3^5,3,27864,2^3*3^4*43^1,43,1253,7^1*179^1,179,29008,2^4*7^2*37^1,37,1,0,0,0,0,0,1,0,0,0,0,0
21,-2,-1,-1,-2,2403,3^3*89^1,89,9558,2^1*3^4*59^1,59,2293,2293^1,2293,16136,2^3*2017^1,2017,0,0,0,0,0,0,0,0,0,0,0,0
22,-2,-1,-1,-1,617,617^1,617,262,2^1*131^1,131,720,2^4*3^2*5^1,5,470,2^1*5^1*47^1,47,0,0,0,1,0,0,0,0,0,1,0,0
23,-2,-1,-1,0,243,3^5,3,278,2^1*139^1,139,150,2^1*3^1*5^2,5,414,2^1*3^2*23^1,23,1,0,0,1,0,0,1,0,0,1,0,0
24,-2,-1,-1,1,81,3^4,3,486,2^1*3^5,3,116,2^2*29^1,29,434,2^1*7^1*31^1,31,1,1,1,0,0,0,1,1,1,0,0,0
25,-2,-1,-1,2,1139,17^1*67^1,67,10774,2^1*5387^1,5387,1652,2^2*7^1*59^1,59,14844,2^2*3^1*1237^1,1237,0,0,0,0,0,0,0,0,0,0,0,0
26,-2,-1,0,-2,792,2^3*3^2*11^1,11,9112,2^3*17^1*67^1,67,825,3^1*5^2*11^1,11,10701,3^2*29^1*41^1,41,0,0,0,0,0,0,1,0,0,1,0,0
27,-2,-1,0,-1,136,2^3*17^1,17,576,2^6*3^2,3,160,2^5*5^1,5,853,853^1,853,0,1,0,1,0,0,0,1,0,1,0,0
28,-2,-1,0,0,216,2^3*3^3,3,216,2^3*3^3,3,236,2^2*59^1,59,245,5^1*7^2,7,1,1,1,0,1,0,1,1,1,0,1,0
29,-2,-1,0,1,264,2^3*3^1*11^1,11,64,2^6,2,393,3^1*131^1,131,71,71^1,71,0,1,0,0,0,0,1,1,1,0,0,0
30,-2,-1,0,2,1048,2^3*131^1,131,8088,2^3*3^1*337^1,337,1048,2^3*131^1,131,4490,2^1*5^1*449^1,449,0,0,0,0,0,0,0,0,0,0,0,0
31,-2,-1,1,-2,619,619^1,619,12854,2^1*6427^1,6427,536,2^3*67^1,67,16146,2^1*3^3*13^1*23^1,23,0,0,0,0,0,0,0,0,0,0,0,0
32,-2,-1,1,-1,81,3^4,3,486,2^1*3^5,3,65,5^1*13^1,13,274,2^1*137^1,137,1,1,1,0,0,0,1,1,1,1,0,0
33,-2,-1,1,0,251,251^1,251,246,2^1*3^1*41^1,41,224,2^5*7^1,7,172,2^2*43^1,43,0,0,0,1,0,0,0,0,0,1,0,0
34,-2,-1,1,1,313,313^1,313,1478,2^1*739^1,739,355,5^1*71^1,71,1896,2^3*3^1*79^1,79,0,0,0,0,0,0,0,0,0,0,0,0
35,-2,-1,1,2,891,3^4*11^1,11,15606,2^1*3^3*17^2,17,940,2^2*5^1*47^1,47,10120,2^3*5^1*11^1*23^1,23,0,0,0,0,0,0,1,0,0,0,0,0
36,-2,-1,2,-2,1944,2^3*3^5,3,27864,2^3*3^4*43^1,43,1827,3^2*7^1*29^1,29,26790,2^1*3^1*5^1*19^1*47^1,47,1,0,0,0,0,0,1,0,0,0,0,0
37,-2,-1,2,-1,536,2^3*67^1,67,2656,2^5*83^1,83,937,937^1,937,3147,3^1*1049^1,1049,0,0,0,0,0,0,0,0,0,0,0,0
38,-2,-1,2,0,408,2^3*3^1*17^1,17,1688,2^3*211^1,211,257,257^1,257,1605,3^1*5^1*107^1,107,0,0,0,0,0,0,0,0,0,0,0,0
39,-2,-1,2,1,216,2^3*3^3,3,7776,2^5*3^5,3,196,2^2*7^2,7,5820,2^2*3^1*5^1*97^1,97,1,1,1,1,0,0,1,1,1,1,0,0
40,-2,-1,2,2,536,2^3*67^1,67,41176,2^3*5147^1,5147,790,2^1*5^1*79^1,79,54828,2^2*3^2*1523^1,1523,0,0,0,0,0,0,0,0,0,0,0,0
41,-2,0,-2,-1,712,2^3*89^1,89,2832,2^4*3^1*59^1,59,637,7^2*13^1,13,3315,3^1*5^1*13^1*17^1,17,0,0,0,0,0,0,0,0,0,1,0,0
42,-2,0,-2,1,712,2^3*89^1,89,2832,2^4*3^1*59^1,59,936,2^3*3^2*13^1,13,3776,2^6*59^1,59,0,0,0,0,0,0,0,0,0,1,0,0
43,-2,0,-1,-2,849,3^1*283^1,283,12004,2^2*3001^1,3001,542,2^1*271^1,271,11900,2^2*5^2*7^1*17^1,17,0,0,0,0,0,0,0,0,0,0,0,0
44,-2,0,-1,-1,51,3^1*17^1,17,676,2^2*13^2,13,33,3^1*11^1,11,882,2^1*3^2*7^2,7,0,0,0,0,1,0,0,1,0,1,1,1
45,-2,0,-1,0,121,11^2,11,36,2^2*3^2,3,122,2^1*61^1,61,51,3^1*17^1,17,0,1,0,0,0,0,1,1,1,0,0,0
46,-2,0,-1,1,51,3^1*17^1,17,676,2^2*13^2,13,50,2^1*5^2,5,850,2^1*5^2*17^1,17,0,0,0,1,0,0,0,1,0,1,0,0
47,-2,0,-1,2,849,3^1*283^1,283,12004,2^2*3001^1,3001,612,2^2*3^2*17^1,17,13709,13709^1,13709,0,0,0,0,0,0,0,0,0,0,0,0
48,-2,0,0,-1,24,2^3*3^1,3,144,2^4*3^2,3,30,2^1*3^1*5^1,5,186,2^1*3^1*31^1,31,1,1,1,1,0,0,1,1,1,1,0,0
49,-2,0,0,1,24,2^3*3^1,3,144,2^4*3^2,3,26,2^1*13^1,13,196,2^2*7^2,7,1,1,1,0,1,0,1,1,1,1,1,1
50,-2,0,1,-2,937,937^1,937,11652,2^2*3^1*971^1,971,851,23^1*37^1,37,10715,5^1*2143^1,2143,0,0,0,0,0,0,0,0,0,0,0,0
51,-2,0,1,-1,139,139^1,139,324,2^2*3^4,3,167,167^1,167,391,17^1*23^1,23,0,1,0,0,0,0,0,1,0,0,0,0
52,-2,0,1,0,81,3^4,3,196,2^2*7^2,7,89,89^1,89,155,5^1*31^1,31,1,1,1,0,0,0,1,1,1,0,0,0
53,-2,0,1,1,139,139^1,139,324,2^2*3^4,3,167,167^1,167,486,2^1*3^5,3,0,1,0,0,1,0,0,1,0,0,1,0
54,-2,0,1,2,937,937^1,937,11652,2^2*3^1*971^1,971,529,23^2,23,10521,3^2*7^1*167^1,167,0,0,0,0,0,0,0,0,0,0,0,0
55,-2,0,2,-1,264,2^3*3^1*11^1,11,4624,2^4*17^2,17,322,2^1*7^1*23^1,23,6428,2^2*1607^1,1607,0,0,0,0,0,0,1,0,0,0,0,0
56,-2,0,2,1,264,2^3*3^1*11^1,11,4624,2^4*17^2,17,355,5^1*71^1,71,7038,2^1*3^2*17^1*23^1,23,0,0,0,0,0,0,1,0,0,0,0,0
57,-2,1,-2,-2,1944,2^3*3^5,3,27864,2^3*3^4*43^1,43,1338,2^1*3^1*223^1,223,30542,2^1*15271^1,15271,1,0,0,0,0,0,1,0,0,0,0,0
58,-2,1,-2,-1,88,2^3*11^1,11,4448,2^5*139^1,139,74,2^1*37^1,37,6015,3^1*5^1*401^1,401,0,0,0,0,0,0,1,0,0,0,0,0
59,-2,1,-2,0,536,2^3*67^1,67,1176,2^3*3^1*7^2,7,784,2^4*7^2,7,2040,2^3*3^1*5^1*17^1,17,0,1,0,1,0,0,0,1,0,1,0,0
60,-2,1,-2,1,1944,2^3*3^5,3,864,2^5*3^3,3,1971,3^3*73^1,73,709,709^1,709,1,1,1,0,0,0,1,1,1,0,0,0
61,-2,1,-2,2,6424,2^3*11^1*73^1,73,17624,2^3*2203^1,2203,5802,2^1*3^1*967^1,967,31519,43^1*733^1,733,0,0,0,0,0,0,0,0,0,0,0,0
62,-2,1,-1,-2,1139,17^1*67^1,67,10774,2^1*5387^1,5387,1411,17^1*83^1,83,10617,3^1*3539^1,3539,0,0,0,0,0,0,0,0,0,0,0,0
63,-2,1,-1,-1,81,3^4,3,486,2^1*3^5,3,106,2^1*53^1,53,291,3^1*97^1,97,1,1,1,0,0,0,1,1,1,0,0,0
64,-2,1,-1,0,243,3^5,3,278,2^1*139^1,139,204,2^2*3^1*17^1,17,270,2^1*3^3*5^1,5,1,0,0,0,1,0,1,0,0,0,1,0
65,-2,1,-1,1,617,617^1,617,262,2^1*131^1,131,654,2^1*3^1*109^1,109,320,2^6*5^1,5,0,0,0,0,1,0,0,0,0,0,1,0
66,-2,1,-1,2,2403,3^3*89^1,89,9558,2^1*3^4*59^1,59,3346,2^1*7^1*239^1,239,14970,2^1*3^1*5^1*499^1,499,0,0,0,0,0,0,0,0,0,0,0,0
67,-2,1,0,-2,1048,2^3*131^1,131,8088,2^3*3^1*337^1,337,1670,2^1*5^1*167^1,167,6696,2^3*3^3*31^1,31,0,0,0,0,0,0,0,0,0,0,0,0
68,-2,1,0,-1,264,2^3*3^1*11^1,11,64,2^6,2,342,2^1*3^2*19^1,19,82,2^1*41^1,41,0,1,0,0,0,0,1,1,1,0,0,0
69,-2,1,0,0,216,2^3*3^3,3,216,2^3*3^3,3,217,7^1*31^1,31,214,2^1*107^1,107,1,1,1,0,0,0,1,1,1,0,0,0
70,-2,1,0,1,136,2^3*17^1,17,576,2^6*3^2,3,172,2^2*43^1,43,652,2^2*163^1,163,0,1,0,0,0,0,0,1,0,0,0,0
71,-2,1,0,2,792,2^3*3^2*11^1,11,9112,2^3*17^1*67^1,67,927,3^2*103^1,103,11155,5^1*23^1*97^1,97,0,0,0,0,0,0,1,0,0,0,0,0
72,-2,1,1,-2,891,3^4*11^1,11,15606,2^1*3^3*17^2,17,985,5^1*197^1,197,10218,2^1*3^1*13^1*131^1,131,0,0,0,0,0,0,1,0,0,0,0,0
73,-2,1,1,-1,313,313^1,313,1478,2^1*739^1,739,283,283^1,283,1442,2^1*7^1*103^1,103,0,0,0,0,0,0,0,0,0,0,0,0
74,-2,1,1,0,251,251^1,251,246,2^1*3^1*41^1,41,215,5^1*43^1,43,228,2^2*3^1*19^1,19,0,0,0,0,0,0,0,0,0,0,0,0
75,-2,1,1,1,81,3^4,3,486,2^1*3^5,3,66,2^1*3^1*11^1,11,446,2^1*223^1,223,1,1,1,0,0,0,1,1,1,1,0,0
76,-2,1,1,2,619,619^1,619,12854,2^1*6427^1,6427,964,2^2*241^1,241,11814,2^1*3^1*11^1*179^1,179,0,0,0,0,0,0,0,0,0,0,0,0
77,-2,1,2,-2,536,2^3*67^1,67,41176,2^3*5147^1,5147,696,2^3*3^1*29^1,29,35014,2^1*7^1*41^1*61^1,61,0,0,0,0,0,0,0,0,0,0,0,0
78,-2,1,2,-1,216,2^3*3^3,3,7776,2^5*3^5,3,191,191^1,191,7078,2^1*3539^1,3539,1,1,1,0,0,0,1,1,1,0,0,0
79,-2,1,2,0,408,2^3*3^1*17^1,17,1688,2^3*211^1,211,477,3^2*53^1,53,2023,7^1*17^2,17,0,0,0,0,0,0,0,0,0,0,0,0
80,-2,1,2,1,536,2^3*67^1,67,2656,2^5*83^1,83,915,3^1*5^1*61^1,61,2994,2^1*3^1*499^1,499,0,0,0,0,0,0,0,0,0,0,0,0
81,-2,1,2,2,1944,2^3*3^5,3,27864,2^3*3^4*43^1,43,1191,3^1*397^1,397,20716,2^2*5179^1,5179,1,0,0,0,0,0,1,0,0,0,0,0
82,-2,2,-2,-1,648,2^3*3^4,3,3888,2^4*3^5,3,883,883^1,883,3599,59^1*61^1,61,1,1,1,0,0,0,1,1,1,0,0,0
83,-2,2,-2,1,4936,2^3*617^1,617,2096,2^4*131^1,131,5212,2^2*1303^1,1303,2096,2^4*131^1,131,0,0,0,0,0,0,0,0,0,0,0,0
84,-2,2,-1,-2,3753,3^3*139^1,139,8748,2^2*3^7,3,3658,2^1*31^1*59^1,59,14671,17^1*863^1,863,0,1,0,0,0,0,0,1,0,0,0,0
85,-2,2,-1,-1,1523,1523^1,1523,268,2^2*67^1,67,1567,1567^1,1567,272,2^4*17^1,17,0,0,0,0,0,0,0,0,0,0,0,0
86,-2,2,-1,0,1569,3^1*523^1,523,1964,2^2*491^1,491,1128,2^3*3^1*47^1,47,1319,1319^1,1319,0,0,0,0,0,0,0,0,0,0,0,0
87,-2,2,-1,1,3267,3^3*11^2,11,972,2^2*3^5,3,2135,5^1*7^1*61^1,61,539,7^2*11^1,11,0,1,0,0,0,0,1,1,1,0,1,0
88,-2,2,-1,2,8777,67^1*131^1,131,4012,2^2*17^1*59^1,59,15797,15797^1,15797,3674,2^1*11^1*167^1,167,0,0,0,0,0,0,0,0,0,0,0,0
89,-2,2,0,-1,2008,2^3*251^1,251,1968,2^4*3^1*41^1,41,2045,5^1*409^1,409,1863,3^4*23^1,23,0,0,0,0,0,0,0,0,0,0,0,0
90,-2,2,0,1,1944,2^3*3^5,3,2224,2^4*139^1,139,1781,13^1*137^1,137,3417,3^1*17^1*67^1,67,1,0,0,0,0,0,1,0,0,0,0,0
91,-2,2,1,-2,2497,11^1*227^1,227,29132,2^2*7283^1,7283,3322,2^1*11^1*151^1,151,18031,13^1*19^1*73^1,73,0,0,0,0,0,0,0,0,0,0,0,0
92,-2,2,1,-1,2187,3^7,3,5292,2^2*3^3*7^2,7,2921,23^1*127^1,127,4338,2^1*3^2*241^1,241,1,1,1,0,0,0,1,1,1,0,0,0
93,-2,2,1,0,1721,1721^1,1721,1356,2^2*3^1*113^1,113,1181,1181^1,1181,1800,2^3*3^2*5^2,5,0,0,0,0,1,0,0,0,0,0,1,0
94,-2,2,1,1,859,859^1,859,2924,2^2*17^1*43^1,43,598,2^1*13^1*23^1,23,3816,2^3*3^2*53^1,53,0,0,0,0,0,0,0,0,0,0,0,0
95,-2,2,1,2,1377,3^4*17^1,17,18252,2^2*3^3*13^2,13,1029,3^1*7^3,7,25512,2^3*3^1*1063^1,1063,0,0,0,1,0,0,0,1,0,1,0,0
96,-2,2,2,-1,2504,2^3*313^1,313,11824,2^4*739^1,739,3267,3^3*11^2,11,14890,2^1*5^1*1489^1,1489,0,0,0,0,0,0,0,0,0,1,0,0
97,-2,2,2,1,648,2^3*3^4,3,3888,2^4*3^5,3,791,7^1*113^1,113,2428,2^2*607^1,607,1,1,1,0,0,0,1,1,1,0,0,0
98,-1,-2,-2,-2,9809,17^1*577^1,577,13729,13729^1,13729,16118,2^1*8059^1,8059,12680,2^3*5^1*317^1,317,0,0,0,0,0,0,0,0,0,0,0,0
99,-1,-2,-2,-1,1809,3^3*67^1,67,3969,3^4*7^2,7,1838,2^1*919^1,919,2472,2^3*3^1*103^1,103,0,1,0,0,0,0,0,1,0,0,0,0
100,-1,-2,-2,0,129,3^1*43^1,43,2609,2609^1,2609,177,3^1*59^1,59,2161,2161^1,2161,0,0,0,0,0,0,0,0,0,0,0,0
101,-1,-2,-2,1,881,881^1,881,1921,17^1*113^1,113,586,2^1*293^1,293,1096,2^3*137^1,137,0,0,0,0,0,0,0,0,0,0,0,0
102,-1,-2,-2,2,3537,3^3*131^1,131,27297,3^4*337^1,337,2959,11^1*269^1,269,19157,19157^1,19157,0,0,0,0,0,0,0,0,0,0,0,0
103,-1,-2,-1,-2,6561,3^8,3,2916,2^2*3^6,3,6953,17^1*409^1,409,2897,2897^1,2897,1,1,1,0,0,0,1,1,1,0,0,0
104,-1,-2,-1,-1,1531,1531^1,1531,536,2^3*67^1,67,1537,29^1*53^1,53,545,5^1*109^1,109,0,0,0,0,0,0,0,0,0,0,0,0
105,-1,-2,-1,0,569,569^1,569,804,2^2*3^1*67^1,67,878,2^1*439^1,439,690,2^1*3^1*5^1*23^1,23,0,0,0,0,0,0,0,0,0,0,0,0
106,-1,-2,-1,1,891,3^4*11^1,11,216,2^3*3^3,3,681,3^1*227^1,227,173,173^1,173,0,1,0,0,0,0,1,1,1,0,0,0
107,-1,-2,-1,2,2017,2017^1,2017,15332,2^2*3833^1,3833,1400,2^3*5^2*7^1,7,15606,2^1*3^3*17^2,17,0,0,0,1,0,0,0,0,0,1,0,0
108,-1,-2,0,-2,4489,67^2,67,3849,3^1*1283^1,1283,5833,19^1*307^1,307,3192,2^3*3^1*7^1*19^1,19,0,0,0,0,0,0,0,0,0,0,0,0
109,-1,-2,0,-1,1137,3^1*379^1,379,697,17^1*41^1,41,1911,3^1*7^2*13^1,13,893,19^1*47^1,47,0,0,0,0,0,0,0,0,0,1,0,0
110,-1,-2,0,0,729,3^6,3,729,3^6,3,673,673^1,673,700,2^2*5^2*7^1,7,1,1,1,0,1,0,1,1,1,0,1,0
111,-1,-2,0,1,913,11^1*83^1,83,1593,3^3*59^1,59,598,2^1*13^1*23^1,23,1558,2^1*19^1*41^1,41,0,0,0,0,0,0,0,0,0,0,0,0
112,-1,-2,0,2,1161,3^3*43^1,43,17161,131^2,131,1064,2^3*7^1*19^1,19,29622,2^1*3^1*4937^1,4937,0,0,0,0,0,0,0,0,0,0,0,0
113,-1,-2,1,-2,2969,2969^1,2969,11524,2^2*43^1*67^1,67,2188,2^2*547^1,547,13489,7^1*41^1*47^1,47,0,0,0,0,0,0,0,0,0,0,0,0
114,-1,-2,1,-1,459,3^3*17^1,17,1944,2^3*3^5,3,444,2^2*3^1*37^1,37,1084,2^2*271^1,271,0,1,0,0,0,0,0,1,0,0,0,0
115,-1,-2,1,0,657,3^2*73^1,73,452,2^2*113^1,113,868,2^2*7^1*31^1,31,410,2^1*5^1*41^1,41,0,0,0,0,0,0,0,0,0,0,0,0
116,-1,-2,1,1,971,971^1,971,2776,2^3*347^1,347,872,2^3*109^1,109,3940,2^2*5^1*197^1,197,0,0,0,0,0,0,0,0,0,0,0,0
117,-1,-2,1,2,729,3^6,3,26244,2^2*3^8,3,751,751^1,751,25107,3^1*8369^1,8369,1,1,1,0,0,0,1,1,1,0,0,0
118,-1,-2,2,-2,2673,3^5*11^1,11,30753,3^3*17^1*67^1,67,3649,41^1*89^1,89,29688,2^3*3^1*1237^1,1237,0,0,0,0,0,0,1,0,0,0,0,0
119,-1,-2,2,-1,1,1,1,5441,5441^1,5441,1,1,1,4855,5^1*971^1,971,1,0,0,1,0,0,1,0,0,1,0,0
120,-1,-2,2,0,737,11^1*67^1,67,177,3^1*59^1,59,717,3^1*239^1,239,201,3^1*67^1,67,0,0,0,0,0,0,0,0,0,0,0,0
121,-1,-2,2,1,1377,3^4*17^1,17,5697,3^3*211^1,211,1339,13^1*103^1,103,7624,2^3*953^1,953,0,0,0,0,0,0,0,0,0,0,0,0
122,-1,-2,2,2,1009,1009^1,1009,48929,113^1*433^1,433,909,3^2*101^1,101,33709,13^1*2593^1,2593,0,0,0,0,0,0,0,0,0,0,0,0
123,-1,-1,-2,-2,4563,3^3*13^2,13,19683,3^9,3,6926,2^1*3463^1,3463,20268,2^2*3^2*563^1,563,0,1,0,0,0,0,1,1,1,0,0,0
124,-1,-1,-2,-1,803,11^1*73^1,73,2203,2203^1,2203,558,2^1*3^2*31^1,31,2564,2^2*641^1,641,0,0,0,0,0,0,0,0,0,0,0,0
125,-1,-1,-2,0,99,3^2*11^1,11,1139,17^1*67^1,67,96,2^5*3^1,3,1345,5^1*269^1,269,0,0,0,1,0,0,1,0,0,1,0,0
126,-1,-1,-2,1,243,3^5,3,3483,3^4*43^1,43,166,2^1*83^1,83,3806,2^1*11^1*173^1,173,1,0,0,0,0,0,1,0,0,0,0,0
127,-1,-1,-2,2,1811,1811^1,1811,28771,28771^1,28771,1401,3^1*467^1,467,28888,2^3*23^1*157^1,157,0,0,0,0,0,0,0,0,0,0,0,0
128,-1,-1,-1,-2,2137,2137^1,2137,8072,2^3*1009^1,1009,4068,2^2*3^2*113^1,113,4731,3^1*19^1*83^1,83,0,0,0,0,0,0,0,0,0,0,0,0
129,-1,-1,-1,-1,243,3^5,3,108,2^2*3^3,3,200,2^3*5^2,5,104,2^3*13^1,13,1,1,1,1,0,0,1,1,1,1,1,1
130,-1,-1,-1,0,17,17^1,17,72,2^3*3^2,3,21,3^1*7^1,7,81,3^4,3,0,1,0,1,1,1,0,1,0,1,1,1
131,-1,-1,-1,1,67,67^1,67,332,2^2*83^1,83,70,2^1*5^1*7^1,7,497,7^1*71^1,71,0,0,0,1,0,0,0,0,0,1,0,0
132,-1,-1,-1,2,729,3^6,3,12744,2^3*3^3*59^1,59,603,3^2*67^1,67,14398,2^1*23^1*313^1,313,1,0,0,0,0,0,1,0,0,0,0,0
133,-1,-1,0,-2,1227,3^1*409^1,409,6667,59^1*113^1,113,1029,3^1*7^3,7,8099,7^1*13^1*89^1,89,0,0,0,1,0,0,0,0,0,1,0,0
134,-1,-1,0,-1,67,67^1,67,147,3^1*7^2,7,67,67^1,67,145,5^1*29^1,29,0,1,0,0,0,0,0,1,0,0,0,0
135,-1,-1,0,0,27,3^3,3,27,3^3,3,17,17^1,17,25,5^2,5,1,1,1,0,1,0,1,1,1,0,1,0
136,-1,-1,0,1,51,3^1*17^1,17,211,211^1,211,50,2^1*5^2,5,211,211^1,211,0,0,0,1,0,0,0,0,0,1,0,0
137,-1,-1,0,2,331,331^1,331,10251,3^2*17^1*67^1,67,422,2^1*211^1,211,15334,2^1*11^1*17^1*41^1,41,0,0,0,0,0,0,0,0,0,0,0,0
138,-1,-1,1,-2,1161,3^3*43^1,43,11016,2^3*3^4*17^1,17,1320,2^3*3^1*5^1*11^1,11,11964,2^2*3^1*997^1,997,0,0,0,0,0,0,0,0,0,1,0,0
139,-1,-1,1,-1,11,11^1,11,556,2^2*139^1,139,12,2^2*3^1,3,783,3^3*29^1,29,0,0,0,1,0,0,1,0,0,1,0,0
140,-1,-1,1,0,33,3^1*11^1,11,8,2^3,2,37,37^1,37,8,2^3,2,0,1,0,0,1,0,1,1,1,0,1,0
141,-1,-1,1,1,27,3^3,3,972,2^2*3^5,3,31,31^1,31,1013,1013^1,1013,1,1,1,0,0,0,1,1,1,0,0,0
142,-1,-1,1,2,137,137^1,137,16072,2^3*7^2*41^1,41,143,11^1*13^1,13,9668,2^2*2417^1,2417,0,0,0,0,0,0,0,0,0,1,0,0
143,-1,-1,2,-2,2227,17^1*131^1,131,27107,27107^1,27107,2291,29^1*79^1,79,19689,3^1*6563^1,6563,0,0,0,0,0,0,0,0,0,0,0,0
144,-1,-1,2,-1,243,3^5,3,3483,3^4*43^1,43,152,2^3*19^1,19,3422,2^1*29^1*59^1,59,1,0,0,0,0,0,1,0,0,0,0,0
145,-1,-1,2,0,131,131^1,131,1011,3^1*337^1,337,193,193^1,193,898,2^1*449^1,449,0,0,0,0,0,0,0,0,0,0,0,0
146,-1,-1,2,1,67,67^1,67,5147,5147^1,5147,80,2^4*5^1,5,5133,3^1*29^1*59^1,59,0,0,0,1,0,0,0,0,0,1,0,0
147,-1,-1,2,2,243,3^5,3,36963,3^3*37^2,37,196,2^2*7^2,7,35719,23^1*1553^1,1553,1,0,0,1,0,0,1,0,0,1,0,0
148,-1,0,-2,-2,2361,3^1*787^1,787,25801,25801^1,25801,3433,3433^1,3433,23201,23201^1,23201,0,0,0,0,0,0,0,0,0,0,0,0
149,-1,0,-2,-1,393,3^1*131^1,131,2953,2953^1,2953,279,3^2*31^1,31,3811,37^1*103^1,103,0,0,0,0,0,0,0,0,0,0,0,0
150,-1,0,-2,0,169,13^2,13,729,3^6,3,248,2^3*31^1,31,782,2^1*17^1*23^1,23,0,1,0,0,0,0,1,1,1,0,0,0
151,-1,0,-2,1,393,3^1*131^1,131,2953,2953^1,2953,403,13^1*31^1,31,3462,2^1*3^1*577^1,577,0,0,0,0,0,0,0,0,0,0,0,0
152,-1,0,-2,2,2361,3^1*787^1,787,25801,25801^1,25801,3474,2^1*3^2*193^1,193,26109,3^3*967^1,967,0,0,0,0,0,0,0,0,0,0,0,0
153,-1,0,-1,-2,913,11^1*83^1,83,11268,2^2*3^2*313^1,313,767,13^1*59^1,59,12878,2^1*47^1*137^1,137,0,0,0,0,0,0,0,0,0,0,0,0
154,-1,0,-1,-1,43,43^1,43,408,2^3*3^1*17^1,17,32,2^5,2,459,3^3*17^1,17,0,0,0,1,0,0,0,0,0,1,0,0
155,-1,0,-1,0,9,3^2,3,4,2^2,2,12,2^2*3^1,3,4,2^2,2,1,1,1,1,1,1,1,1,1,1,1,1
156,-1,0,-1,1,43,43^1,43,408,2^3*3^1*17^1,17,62,2^1*31^1,31,332,2^2*83^1,83,0,0,0,0,0,0,0,0,0,0,0,0
157,-1,0,-1,2,913,11^1*83^1,83,11268,2^2*3^2*313^1,313,792,2^3*3^2*11^1,11,14837,37^1*401^1,401,0,0,0,0,0,0,0,0,0,1,0,0
158,-1,0,0,-2,561,3^1*11^1*17^1,17,8241,3^1*41^1*67^1,67,740,2^2*5^1*37^1,37,11306,2^1*5653^1,5653,0,0,0,0,0,0,0,0,0,0,0,0
159,-1,0,0,-1,9,3^2,3,129,3^1*43^1,43,9,3^2,3,209,11^1*19^1,19,1,0,0,1,0,0,1,0,0,1,0,0
160,-1,0,0,0,1,1,1,1,1,1,1,1,1,1,1,1,1,1,1,1,1,1,1,1,1,1,1,1
161,-1,0,0,1,9,3^2,3,129,3^1*43^1,43,15,3^1*5^1,5,147,3^1*7^2,7,1,0,0,1,1,1,1,0,0,1,1,1
162,-1,0,0,2,561,3^1*11^1*17^1,17,8241,3^1*41^1*67^1,67,992,2^5*31^1,31,14434,2^1*7^1*1031^1,1031,0,0,0,0,0,0,0,0,0,0,0,0
163,-1,0,1,-2,681,3^1*227^1,227,12196,2^2*3049^1,3049,789,3^1*263^1,263,14411,14411^1,14411,0,0,0,0,0,0,0,0,0,0,0,0
164,-1,0,1,-1,27,3^3,3,472,2^3*59^1,59,27,3^3,3,310,2^1*5^1*31^1,31,1,0,0,1,0,0,1,0,0,1,0,0
165,-1,0,1,0,1,1,1,36,2^2*3^2,3,1,1,1,32,2^5,2,1,1,1,1,1,1,1,1,1,1,1,1
166,-1,0,1,1,27,3^3,3,472,2^3*59^1,59,31,31^1,31,261,3^2*29^1,29,1,0,0,0,0,0,1,0,0,0,0,0
167,-1,0,1,2,681,3^1*227^1,227,12196,2^2*3049^1,3049,759,3^1*11^1*23^1,23,13243,17^1*19^1*41^1,41,0,0,0,0,0,0,0,0,0,0,0,0
168,-1,0,2,-2,1369,37^2,37,29769,3^1*9923^1,9923,2014,2^1*19^1*53^1,53,31787,7^1*19^1*239^1,239,0,0,0,0,0,0,0,0,0,0,0,0
169,-1,0,2,-1,121,11^2,11,4041,3^2*449^1,449,115,5^1*23^1,23,2869,19^1*151^1,151,0,0,0,0,0,0,1,0,0,0,0,0
170,-1,0,2,0,9,3^2,3,1369,37^2,37,9,3^2,3,1691,19^1*89^1,89,1,0,0,1,0,0,1,0,0,1,0,0
171,-1,0,2,1,121,11^2,11,4041,3^2*449^1,449,64,2^6,2,3724,2^2*7^2*19^1,19,0,0,0,1,0,0,1,0,0,1,0,0
172,-1,0,2,2,1369,37^2,37,29769,3^1*9923^1,9923,1103,1103^1,1103,21844,2^2*43^1*127^1,127,0,0,0,0,0,0,0,0,0,0,0,0
173,-1,1,-2,-2,1811,1811^1,1811,28771,28771^1,28771,1372,2^2*7^3,7,30321,3^3*1123^1,1123,0,0,0,1,0,0,0,0,0,1,0,0
174,-1,1,-2,-1,243,3^5,3,3483,3^4*43^1,43,253,11^1*23^1,23,3070,2^1*5^1*307^1,307,1,0,0,0,0,0,1,0,0,0,0,0
175,-1,1,-2,0,99,3^2*11^1,11,1139,17^1*67^1,67,81,3^4,3,1082,2^1*541^1,541,0,0,0,1,0,0,1,0,0,1,0,0
176,-1,1,-2,1,803,11^1*73^1,73,2203,2203^1,2203,943,23^1*41^1,41,2853,3^2*317^1,317,0,0,0,0,0,0,0,0,0,0,0,0
177,-1,1,-2,2,4563,3^3*13^2,13,19683,3^9,3,6729,3^1*2243^1,2243,28429,28429^1,28429,0,1,0,0,0,0,1,1,1,0,0,0
178,-1,1,-1,-2,729,3^6,3,12744,2^3*3^3*59^1,59,566,2^1*283^1,283,15586,2^1*7793^1,7793,1,0,0,0,0,0,1,0,0,0,0,0
179,-1,1,-1,-1,67,67^1,67,332,2^2*83^1,83,115,5^1*23^1,23,484,2^2*11^2,11,0,0,0,0,0,0,0,0,0,0,1,0
180,-1,1,-1,0,17,17^1,17,72,2^3*3^2,3,22,2^1*11^1,11,127,127^1,127,0,1,0,0,0,0,0,1,0,1,0,0
181,-1,1,-1,1,243,3^5,3,108,2^2*3^3,3,189,3^3*7^1,7,112,2^4*7^1,7,1,1,1,1,1,1,1,1,1,1,1,1
182,-1,1,-1,2,2137,2137^1,2137,8072,2^3*1009^1,1009,3068,2^2*13^1*59^1,59,8121,3^1*2707^1,2707,0,0,0,0,0,0,0,0,0,0,0,0
183,-1,1,0,-2,331,331^1,331,10251,3^2*17^1*67^1,67,327,3^1*109^1,109,11553,3^1*3851^1,3851,0,0,0,0,0,0,0,0,0,0,0,0
184,-1,1,0,-1,51,3^1*17^1,17,211,211^1,211,46,2^1*23^1,23,169,13^2,13,0,0,0,0,0,0,0,0,0,0,1,0
185,-1,1,0,0,27,3^3,3,27,3^3,3,27,3^3,3,31,31^1,31,1,1,1,1,0,0,1,1,1,1,0,0
186,-1,1,0,1,67,67^1,67,147,3^1*7^2,7,110,2^1*5^1*11^1,11,129,3^1*43^1,43,0,1,0,0,0,0,0,1,0,1,0,0
187,-1,1,0,2,1227,3^1*409^1,409,6667,59^1*113^1,113,1733,1733^1,1733,8044,2^2*2011^1,2011,0,0,0,0,0,0,0,0,0,0,0,0
188,-1,1,1,-2,137,137^1,137,16072,2^3*7^2*41^1,41,253,11^1*23^1,23,16330,2^1*5^1*23^1*71^1,71,0,0,0,0,0,0,0,0,0,0,0,0
189,-1,1,1,-1,27,3^3,3,972,2^2*3^5,3,20,2^2*5^1,5,928,2^5*29^1,29,1,1,1,1,0,0,1,1,1,1,0,0
190,-1,1,1,0,33,3^1*11^1,11,8,2^3,2,53,53^1,53,9,3^2,3,0,1,0,0,1,0,1,1,1,0,1,0
191,-1,1,1,1,11,11^1,11,556,2^2*139^1,139,9,3^2,3,532,2^2*7^1*19^1,19,0,0,0,1,0,0,1,0,0,1,0,0
192,-1,1,1,2,1161,3^3*43^1,43,11016,2^3*3^4*17^1,17,1418,2^1*709^1,709,12014,2^1*6007^1,6007,0,0,0,0,0,0,0,0,0,0,0,0
193,-1,1,2,-2,243,3^5,3,36963,3^3*37^2,37,209,11^1*19^1,19,58207,58207^1,58207,1,0,0,0,0,0,1,0,0,0,0,0
194,-1,1,2,-1,67,67^1,67,5147,5147^1,5147,103,103^1,103,5175,3^2*5^2*23^1,23,0,0,0,0,0,0,0,0,0,0,0,0
195,-1,1,2,0,131,131^1,131,1011,3^1*337^1,337,220,2^2*5^1*11^1,11,550,2^1*5^2*11^1,11,0,0,0,0,0,0,0,0,0,1,1,1
196,-1,1,2,1,243,3^5,3,3483,3^4*43^1,43,221,13^1*17^1,17,2791,2791^1,2791,1,0,0,0,0,0,1,0,0,0,0,0
197,-1,1,2,2,2227,17^1*131^1,131,27107,27107^1,27107,3202,2^1*1601^1,1601,27165,3^1*5^1*1811^1,1811,0,0,0,0,0,0,0,0,0,0,0,0
198,-1,2,-2,-2,3537,3^3*131^1,131,27297,3^4*337^1,337,3574,2^1*1787^1,1787,23988,2^2*3^1*1999^1,1999,0,0,0,0,0,0,0,0,0,0,0,0
199,-1,2,-2,-1,881,881^1,881,1921,17^1*113^1,113,617,617^1,617,1632,2^5*3^1*17^1,17,0,0,0,0,0,0,0,0,0,0,0,0
200,-1,2,-2,0,129,3^1*43^1,43,2609,2609^1,2609,172,2^2*43^1,43,3292,2^2*823^1,823,0,0,0,0,0,0,0,0,0,0,0,0
201,-1,2,-2,1,1809,3^3*67^1,67,3969,3^4*7^2,7,1392,2^4*3^1*29^1,29,3665,5^1*733^1,733,0,1,0,0,0,0,0,1,0,0,0,0
202,-1,2,-2,2,9809,17^1*577^1,577,13729,13729^1,13729,15726,2^1*3^1*2621^1,2621,15909,3^1*5303^1,5303,0,0,0,0,0,0,0,0,0,0,0,0
203,-1,2,-1,-2,2017,2017^1,2017,15332,2^2*3833^1,3833,1489,1489^1,1489,8865,3^2*5^1*197^1,197,0,0,0,0,0,0,0,0,0,0,0,0
204,-1,2,-1,-1,891,3^4*11^1,11,216,2^3*3^3,3,764,2^2*191^1,191,160,2^5*5^1,5,0,1,0,0,1,0,1,1,1,0,1,0
205,-1,2,-1,0,569,569^1,569,804,2^2*3^1*67^1,67,897,3^1*13^1*23^1,23,678,2^1*3^1*113^1,113,0,0,0,0,0,0,0,0,0,0,0,0
206,-1,2,-1,1,1531,1531^1,1531,536,2^3*67^1,67,1381,1381^1,1381,914,2^1*457^1,457,0,0,0,0,0,0,0,0,0,0,0,0
207,-1,2,-1,2,6561,3^8,3,2916,2^2*3^6,3,6602,2^1*3301^1,3301,3258,2^1*3^2*181^1,181,1,1,1,0,0,0,1,1,1,0,0,0
208,-1,2,0,-2,1161,3^3*43^1,43,17161,131^2,131,2042,2^1*1021^1,1021,21360,2^4*3^1*5^1*89^1,89,0,0,0,0,0,0,0,0,0,0,0,0
209,-1,2,0,-1,913,11^1*83^1,83,1593,3^3*59^1,59,921,3^1*307^1,307,1578,2^1*3^1*263^1,263,0,0,0,0,0,0,0,0,0,0,0,0
210,-1,2,0,0,729,3^6,3,729,3^6,3,780,2^2*3^1*5^1*13^1,13,606,2^1*3^1*101^1,101,1,1,1,0,0,0,1,1,1,1,0,0
211,-1,2,0,1,1137,3^1*379^1,379,697,17^1*41^1,41,1390,2^1*5^1*139^1,139,1017,3^2*113^1,113,0,0,0,0,0,0,0,0,0,0,0,0
212,-1,2,0,2,4489,67^2,67,3849,3^1*1283^1,1283,5755,5^1*1151^1,1151,3263,13^1*251^1,251,0,0,0,0,0,0,0,0,0,0,0,0
213,-1,2,1,-2,729,3^6,3,26244,2^2*3^8,3,899,29^1*31^1,31,16529,16529^1,16529,1,1,1,0,0,0,1,1,1,0,0,0
214,-1,2,1,-1,971,971^1,971,2776,2^3*347^1,347,670,2^1*5^1*67^1,67,2345,5^1*7^1*67^1,67,0,0,0,0,0,0,0,0,0,0,0,0
215,-1,2,1,0,657,3^2*73^1,73,452,2^2*113^1,113,988,2^2*13^1*19^1,19,304,2^4*19^1,19,0,0,0,0,0,0,0,0,0,0,0,0
216,-1,2,1,1,459,3^3*17^1,17,1944,2^3*3^5,3,444,2^2*3^1*37^1,37,2020,2^2*5^1*101^1,101,0,1,0,0,0,0,0,1,0,0,0,0
217,-1,2,1,2,2969,2969^1,2969,11524,2^2*43^1*67^1,67,2232,2^3*3^2*31^1,31,16069,16069^1,16069,0,0,0,0,0,0,0,0,0,0,0,0
218,-1,2,2,-2,1009,1009^1,1009,48929,113^1*433^1,433,635,5^1*127^1,127,38015,5^1*7603^1,7603,0,0,0,0,0,0,0,0,0,0,0,0
219,-1,2,2,-1,1377,3^4*17^1,17,5697,3^3*211^1,211,1596,2^2*3^1*7^1*19^1,19,4831,4831^1,4831,0,0,0,0,0,0,0,0,0,0,0,0
220,-1,2,2,0,737,11^1*67^1,67,177,3^1*59^1,59,676,2^2*13^2,13,145,5^1*29^1,29,0,0,0,0,0,0,0,0,0,1,0,0
221,-1,2,2,1,1,1,1,5441,5441^1,5441,1,1,1,6368,2^5*199^1,199,1,0,0,1,0,0,1,0,0,1,0,0
222,-1,2,2,2,2673,3^5*11^1,11,30753,3^3*17^1*67^1,67,3416,2^3*7^1*61^1,61,29269,29269^1,29269,0,0,0,0,0,0,1,0,0,0,0,0
223,0,-2,-2,-1,408,2^3*3^1*17^1,17,5408,2^5*13^2,13,267,3^1*89^1,89,4247,31^1*137^1,137,0,0,0,0,0,0,0,1,0,0,0,0
224,0,-2,-2,1,1112,2^3*139^1,139,2592,2^5*3^4,3,1713,3^1*571^1,571,3634,2^1*23^1*79^1,79,0,1,0,0,0,0,0,1,0,0,0,0
225,0,-2,-1,-2,4721,4721^1,4721,5976,2^3*3^2*83^1,83,6536,2^3*19^1*43^1,43,7594,2^1*3797^1,3797,0,0,0,0,0,0,0,0,0,0,0,0
226,0,-2,-1,-1,747,3^2*83^1,83,1112,2^3*139^1,139,832,2^6*13^1,13,1976,2^3*13^1*19^1,19,0,0,0,0,0,0,0,0,0,1,0,0
227,0,-2,-1,0,393,3^1*131^1,131,408,2^3*3^1*17^1,17,489,3^1*163^1,163,475,5^2*19^1,19,0,0,0,0,0,0,0,0,0,0,0,0
228,0,-2,-1,1,731,17^1*43^1,43,1176,2^3*3^1*7^2,7,749,7^1*107^1,107,1663,1663^1,1663,0,1,0,0,0,0,0,1,0,0,0,0
229,0,-2,-1,2,849,3^1*283^1,283,21464,2^3*2683^1,2683,967,967^1,967,26430,2^1*3^1*5^1*881^1,881,0,0,0,0,0,0,0,0,0,0,0,0
230,0,-2,0,-1,968,2^3*11^2,11,288,2^5*3^2,3,842,2^1*421^1,421,498,2^1*3^1*83^1,83,0,1,0,0,0,0,1,1,1,0,0,0
231,0,-2,0,1,648,2^3*3^4,3,1568,2^5*7^2,7,1005,3^1*5^1*67^1,67,1134,2^1*3^4*7^1,7,1,1,1,0,1,0,1,1,1,0,1,0
232,0,-2,1,-2,4721,4721^1,4721,5976,2^3*3^2*83^1,83,5786,2^1*11^1*263^1,263,5973,3^1*11^1*181^1,181,0,0,0,0,0,0,0,0,0,0,0,0
233,0,-2,1,-1,747,3^2*83^1,83,1112,2^3*139^1,139,925,5^2*37^1,37,1159,19^1*61^1,61,0,0,0,0,0,0,0,0,0,0,0,0
234,0,-2,1,0,393,3^1*131^1,131,408,2^3*3^1*17^1,17,452,2^2*113^1,113,355,5^1*71^1,71,0,0,0,0,0,0,0,0,0,0,0,0
235,0,-2,1,1,731,17^1*43^1,43,1176,2^3*3^1*7^2,7,962,2^1*13^1*37^1,37,2020,2^2*5^1*101^1,101,0,1,0,0,0,0,0,1,0,0,0,0
236,0,-2,1,2,849,3^1*283^1,283,21464,2^3*2683^1,2683,713,23^1*31^1,31,27145,5^1*61^1*89^1,89,0,0,0,0,0,0,0,0,0,0,0,0
237,0,-2,2,-1,408,2^3*3^1*17^1,17,5408,2^5*13^2,13,417,3^1*139^1,139,5207,41^1*127^1,127,0,0,0,0,0,0,0,1,0,0,0,0
238,0,-2,2,1,1112,2^3*139^1,139,2592,2^5*3^4,3,1451,1451^1,1451,2674,2^1*7^1*191^1,191,0,1,0,0,0,0,0,1,0,0,0,0
239,0,-1,-2,-2,3144,2^3*3^1*131^1,131,23624,2^3*2953^1,2953,2331,3^2*7^1*37^1,37,26213,11^1*2383^1,2383,0,0,0,0,0,0,0,0,0,0,0,0
240,0,-1,-2,-1,344,2^3*43^1,43,3264,2^6*3^1*17^1,17,327,3^1*109^1,109,2156,2^2*7^2*11^1,11,0,0,0,0,0,0,0,0,0,0,1,0
241,0,-1,-2,0,72,2^3*3^2,3,1032,2^3*3^1*43^1,43,101,101^1,101,1396,2^2*349^1,349,1,0,0,0,0,0,1,0,0,0,0,0
242,0,-1,-2,1,216,2^3*3^3,3,3776,2^6*59^1,59,240,2^4*3^1*5^1,5,3810,2^1*3^1*5^1*127^1,127,1,0,0,1,0,0,1,0,0,1,0,0
243,0,-1,-2,2,968,2^3*11^2,11,32328,2^3*3^2*449^1,449,972,2^2*3^5,3,27238,2^1*13619^1,13619,0,0,0,1,0,0,1,0,0,1,0,0
244,0,-1,-1,-2,1683,3^2*11^1*17^1,17,8978,2^1*67^2,67,1453,1453^1,1453,10463,10463^1,10463,0,0,0,0,0,0,0,0,0,0,0,0
245,0,-1,-1,-1,89,89^1,89,354,2^1*3^1*59^1,59,71,71^1,71,497,7^1*71^1,71,0,0,0,0,0,0,0,0,0,0,0,0
246,0,-1,-1,0,3,3^1,3,18,2^1*3^2,3,2,2^1,2,23,23^1,23,1,1,1,1,0,0,1,1,1,1,0,0
247,0,-1,-1,1,33,3^1*11^1,11,578,2^1*17^2,17,61,61^1,61,929,929^1,929,0,0,0,0,0,0,1,0,0,0,0,0
248,0,-1,-1,2,227,227^1,227,14802,2^1*3^1*2467^1,2467,254,2^1*127^1,127,13108,2^2*29^1*113^1,113,0,0,0,0,0,0,0,0,0,0,0,0
249,0,-1,0,-2,1352,2^3*13^2,13,5832,2^3*3^6,3,1330,2^1*5^1*7^1*19^1,19,5690,2^1*5^1*569^1,569,0,1,0,0,0,0,1,1,1,0,0,0
250,0,-1,0,-1,72,2^3*3^2,3,32,2^5,2,105,3^1*5^1*7^1,7,46,2^1*23^1,23,1,1,1,1,0,0,1,1,1,1,0,0
251,0,-1,0,0,8,2^3,2,8,2^3,2,10,2^1*5^1,5,8,2^3,2,1,1,1,1,1,1,1,1,1,1,1,1
252,0,-1,0,1,8,2^3,2,288,2^5*3^2,3,12,2^2*3^1,3,267,3^1*89^1,89,1,1,1,1,0,0,1,1,1,1,0,0
253,0,-1,0,2,72,2^3*3^2,3,10952,2^3*37^2,37,69,3^1*23^1,23,13650,2^1*3^1*5^2*7^1*13^1,13,1,0,0,0,0,0,1,0,0,0,1,0
254,0,-1,1,-2,1683,3^2*11^1*17^1,17,8978,2^1*67^2,67,1640,2^3*5^1*41^1,41,8781,3^1*2927^1,2927,0,0,0,0,0,0,0,0,0,0,0,0
255,0,-1,1,-1,89,89^1,89,354,2^1*3^1*59^1,59,64,2^6,2,324,2^2*3^4,3,0,0,0,1,1,1,0,0,0,1,1,1
256,0,-1,1,0,3,3^1,3,18,2^1*3^2,3,3,3^1,3,27,3^3,3,1,1,1,1,1,1,1,1,1,1,1,1
257,0,-1,1,1,33,3^1*11^1,11,578,2^1*17^2,17,37,37^1,37,528,2^4*3^1*11^1,11,0,0,0,0,0,0,1,0,0,0,1,0
258,0,-1,1,2,227,227^1,227,14802,2^1*3^1*2467^1,2467,222,2^1*3^1*37^1,37,11656,2^3*31^1*47^1,47,0,0,0,0,0,0,0,0,0,0,0,0
259,0,-1,2,-2,3144,2^3*3^1*131^1,131,23624,2^3*2953^1,2953,2823,3^1*941^1,941,31161,3^1*13^1*17^1*47^1,47,0,0,0,0,0,0,0,0,0,0,0,0
260,0,-1,2,-1,344,2^3*43^1,43,3264,2^6*3^1*17^1,17,499,499^1,499,2644,2^2*661^1,661,0,0,0,0,0,0,0,0,0,0,0,0
261,0,-1,2,0,72,2^3*3^2,3,1032,2^3*3^1*43^1,43,112,2^4*7^1,7,1205,5^1*241^1,241,1,0,0,1,0,0,1,0,0,1,0,0
262,0,-1,2,1,216,2^3*3^3,3,3776,2^6*59^1,59,215,5^1*43^1,43,3006,2^1*3^2*167^1,167,1,0,0,0,0,0,1,0,0,0,0,0
263,0,-1,2,2,968,2^3*11^2,11,32328,2^3*3^2*449^1,449,879,3^1*293^1,293,27795,3^1*5^1*17^1*109^1,109,0,0,0,0,0,0,1,0,0,0,0,0
264,0,0,-2,-1,216,2^3*3^3,3,3456,2^7*3^3,3,191,191^1,191,4014,2^1*3^2*223^1,223,1,1,1,0,0,0,1,1,1,0,0,0
265,0,0,-2,1,216,2^3*3^3,3,3456,2^7*3^3,3,207,3^2*23^1,23,2499,3^1*7^2*17^1,17,1,1,1,0,0,0,1,1,1,0,0,0
266,0,0,-1,-2,729,3^6,3,11664,2^4*3^6,3,947,947^1,947,14735,5^1*7^1*421^1,421,1,1,1,0,0,0,1,1,1,0,0,0
267,0,0,-1,-1,27,3^3,3,432,2^4*3^3,3,28,2^2*7^1,7,297,3^3*11^1,11,1,1,1,1,0,0,1,1,1,1,1,1
268,0,0,-1,0,1,1,1,16,2^4,2,1,1,1,28,2^2*7^1,7,1,1,1,1,1,1,1,1,1,1,1,1
269,0,0,-1,1,27,3^3,3,432,2^4*3^3,3,28,2^2*7^1,7,351,3^3*13^1,13,1,1,1,1,0,0,1,1,1,1,1,1
270,0,0,-1,2,729,3^6,3,11664,2^4*3^6,3,806,2^1*13^1*31^1,31,11000,2^3*5^3*11^1,11,1,1,1,0,0,0,1,1,1,0,1,0
271,0,0,0,-1,8,2^3,2,128,2^7,2,15,3^1*5^1,5,201,3^1*67^1,67,1,1,1,1,0,0,1,1,1,1,0,0
272,0,0,0,1,8,2^3,2,128,2^7,2,12,2^2*3^1,3,154,2^1*7^1*11^1,11,1,1,1,1,0,0,1,1,1,1,1,1
273,0,0,1,-2,729,3^6,3,11664,2^4*3^6,3,893,19^1*47^1,47,11638,2^1*11^1*23^2,23,1,1,1,0,0,0,1,1,1,0,0,0
274,0,0,1,-1,27,3^3,3,432,2^4*3^3,3,31,31^1,31,284,2^2*71^1,71,1,1,1,0,0,0,1,1,1,0,0,0
275,0,0,1,0,1,1,1,16,2^4,2,1,1,1,23,23^1,23,1,1,1,1,0,0,1,1,1,1,0,0
276,0,0,1,1,27,3^3,3,432,2^4*3^3,3,28,2^2*7^1,7,370,2^1*5^1*37^1,37,1,1,1,1,0,0,1,1,1,1,0,0
277,0,0,1,2,729,3^6,3,11664,2^4*3^6,3,701,701^1,701,15978,2^1*3^1*2663^1,2663,1,1,1,0,0,0,1,1,1,0,0,0
278,0,0,2,-1,216,2^3*3^3,3,3456,2^7*3^3,3,223,223^1,223,3352,2^3*419^1,419,1,1,1,0,0,0,1,1,1,0,0,0
279,0,0,2,1,216,2^3*3^3,3,3456,2^7*3^3,3,138,2^1*3^1*23^1,23,2717,11^1*13^1*19^1,19,1,1,1,0,0,0,1,1,1,0,0,0
280,0,1,-2,-2,968,2^3*11^2,11,32328,2^3*3^2*449^1,449,799,17^1*47^1,47,17705,5^1*3541^1,3541,0,0,0,0,0,0,1,0,0,0,0,0
281,0,1,-2,-1,216,2^3*3^3,3,3776,2^6*59^1,59,132,2^2*3^1*11^1,11,2751,3^1*7^1*131^1,131,1,0,0,0,0,0,1,0,0,1,0,0
282,0,1,-2,0,72,2^3*3^2,3,1032,2^3*3^1*43^1,43,92,2^2*23^1,23,1051,1051^1,1051,1,0,0,0,0,0,1,0,0,0,0,0
283,0,1,-2,1,344,2^3*43^1,43,3264,2^6*3^1*17^1,17,477,3^2*53^1,53,2541,3^1*7^1*11^2,11,0,0,0,0,0,0,0,0,0,0,1,0
284,0,1,-2,2,3144,2^3*3^1*131^1,131,23624,2^3*2953^1,2953,2400,2^5*3^1*5^2,5,17969,7^1*17^1*151^1,151,0,0,0,1,0,0,0,0,0,1,0,0
285,0,1,-1,-2,227,227^1,227,14802,2^1*3^1*2467^1,2467,146,2^1*73^1,73,12407,19^1*653^1,653,0,0,0,0,0,0,0,0,0,0,0,0
286,0,1,-1,-1,33,3^1*11^1,11,578,2^1*17^2,17,44,2^2*11^1,11,578,2^1*17^2,17,0,0,0,0,0,0,1,0,0,1,0,0
287,0,1,-1,0,3,3^1,3,18,2^1*3^2,3,2,2^1,2,26,2^1*13^1,13,1,1,1,1,0,0,1,1,1,1,1,1
288,0,1,-1,1,89,89^1,89,354,2^1*3^1*59^1,59,81,3^4,3,286,2^1*11^1*13^1,13,0,0,0,1,0,0,0,0,0,1,1,1
289,0,1,-1,2,1683,3^2*11^1*17^1,17,8978,2^1*67^2,67,1331,11^3,11,14853,3^1*4951^1,4951,0,0,0,0,0,0,0,0,0,1,0,0
290,0,1,0,-2,72,2^3*3^2,3,10952,2^3*37^2,37,64,2^6,2,15844,2^2*17^1*233^1,233,1,0,0,1,0,0,1,0,0,1,0,0
291,0,1,0,-1,8,2^3,2,288,2^5*3^2,3,13,13^1,13,389,389^1,389,1,1,1,0,0,0,1,1,1,1,0,0
292,0,1,0,0,8,2^3,2,8,2^3,2,11,11^1,11,15,3^1*5^1,5,1,1,1,0,1,0,1,1,1,1,1,1
293,0,1,0,1,72,2^3*3^2,3,32,2^5,2,105,3^1*5^1*7^1,7,57,3^1*19^1,19,1,1,1,1,0,0,1,1,1,1,0,0
294,0,1,0,2,1352,2^3*13^2,13,5832,2^3*3^6,3,2033,19^1*107^1,107,5238,2^1*3^3*97^1,97,0,1,0,0,0,0,1,1,1,0,0,0
295,0,1,1,-2,227,227^1,227,14802,2^1*3^1*2467^1,2467,253,11^1*23^1,23,15519,3^1*7^1*739^1,739,0,0,0,0,0,0,0,0,0,0,0,0
296,0,1,1,-1,33,3^1*11^1,11,578,2^1*17^2,17,62,2^1*31^1,31,553,7^1*79^1,79,0,0,0,0,0,0,1,0,0,0,0,0
297,0,1,1,0,3,3^1,3,18,2^1*3^2,3,3,3^1,3,29,29^1,29,1,1,1,1,0,0,1,1,1,1,0,0
298,0,1,1,1,89,89^1,89,354,2^1*3^1*59^1,59,99,3^2*11^1,11,476,2^2*7^1*17^1,17,0,0,0,0,0,0,0,0,0,1,0,0
299,0,1,1,2,1683,3^2*11^1*17^1,17,8978,2^1*67^2,67,1809,3^3*67^1,67,8396,2^2*2099^1,2099,0,0,0,0,0,0,0,0,0,0,0,0
300,0,1,2,-2,968,2^3*11^2,11,32328,2^3*3^2*449^1,449,894,2^1*3^1*149^1,149,30006,2^1*3^2*1667^1,1667,0,0,0,0,0,0,1,0,0,0,0,0
301,0,1,2,-1,216,2^3*3^3,3,3776,2^6*59^1,59,195,3^1*5^1*13^1,13,3050,2^1*5^2*61^1,61,1,0,0,0,0,0,1,0,0,1,0,0
302,0,1,2,0,72,2^3*3^2,3,1032,2^3*3^1*43^1,43,97,97^1,97,1518,2^1*3^1*11^1*23^1,23,1,0,0,0,0,0,1,0,0,0,0,0
303,0,1,2,1,344,2^3*43^1,43,3264,2^6*3^1*17^1,17,454,2^1*227^1,227,3229,3229^1,3229,0,0,0,0,0,0,0,0,0,0,0,0
304,0,1,2,2,3144,2^3*3^1*131^1,131,23624,2^3*2953^1,2953,3198,2^1*3^1*13^1*41^1,41,31507,7^2*643^1,643,0,0,0,0,0,0,0,0,0,0,0,0
305,0,2,-2,-1,1112,2^3*139^1,139,2592,2^5*3^4,3,1180,2^2*5^1*59^1,59,2599,23^1*113^1,113,0,1,0,0,0,0,0,1,0,0,0,0
306,0,2,-2,1,408,2^3*3^1*17^1,17,5408,2^5*13^2,13,476,2^2*7^1*17^1,17,4951,4951^1,4951,0,0,0,0,0,0,0,1,0,0,0,0
307,0,2,-1,-2,849,3^1*283^1,283,21464,2^3*2683^1,2683,776,2^3*97^1,97,31913,7^1*47^1*97^1,97,0,0,0,0,0,0,0,0,0,0,0,0
308,0,2,-1,-1,731,17^1*43^1,43,1176,2^3*3^1*7^2,7,601,601^1,601,1154,2^1*577^1,577,0,1,0,0,0,0,0,1,0,0,0,0
309,0,2,-1,0,393,3^1*131^1,131,408,2^3*3^1*17^1,17,459,3^3*17^1,17,345,3^1*5^1*23^1,23,0,0,0,0,0,0,0,0,0,0,0,0
310,0,2,-1,1,747,3^2*83^1,83,1112,2^3*139^1,139,522,2^1*3^2*29^1,29,1146,2^1*3^1*191^1,191,0,0,0,0,0,0,0,0,0,0,0,0
311,0,2,-1,2,4721,4721^1,4721,5976,2^3*3^2*83^1,83,5572,2^2*7^1*199^1,199,7428,2^2*3^1*619^1,619,0,0,0,0,0,0,0,0,0,0,0,0
312,0,2,0,-1,648,2^3*3^4,3,1568,2^5*7^2,7,937,937^1,937,1982,2^1*991^1,991,1,1,1,0,0,0,1,1,1,0,0,0
313,0,2,0,1,968,2^3*11^2,11,288,2^5*3^2,3,941,941^1,941,305,5^1*61^1,61,0,1,0,0,0,0,1,1,1,0,0,0
314,0,2,1,-2,849,3^1*283^1,283,21464,2^3*2683^1,2683,904,2^3*113^1,113,28053,3^3*1039^1,1039,0,0,0,0,0,0,0,0,0,0,0,0
315,0,2,1,-1,731,17^1*43^1,43,1176,2^3*3^1*7^2,7,610,2^1*5^1*61^1,61,1971,3^3*73^1,73,0,1,0,0,0,0,0,1,0,0,0,0
316,0,2,1,0,393,3^1*131^1,131,408,2^3*3^1*17^1,17,275,5^2*11^1,11,343,7^3,7,0,0,0,0,1,0,0,0,0,1,1,1
317,0,2,1,1,747,3^2*83^1,83,1112,2^3*139^1,139,582,2^1*3^1*97^1,97,1626,2^1*3^1*271^1,271,0,0,0,0,0,0,0,0,0,0,0,0
318,0,2,1,2,4721,4721^1,4721,5976,2^3*3^2*83^1,83,4620,2^2*3^1*5^1*7^1*11^1,11,4842,2^1*3^2*269^1,269,0,0,0,0,0,0,0,0,0,1,0,0
319,0,2,2,-1,1112,2^3*139^1,139,2592,2^5*3^4,3,1473,3^1*491^1,491,3462,2^1*3^1*577^1,577,0,1,0,0,0,0,0,1,0,0,0,0
320,0,2,2,1,408,2^3*3^1*17^1,17,5408,2^5*13^2,13,444,2^2*3^1*37^1,37,7535,5^1*11^1*137^1,137,0,0,0,0,0,0,0,1,0,0,0,0
321,1,-2,-2,-2,2673,3^5*11^1,11,30753,3^3*17^1*67^1,67,3797,3797^1,3797,27523,17^1*1619^1,1619,0,0,0,0,0,0,1,0,0,0,0,0
322,1,-2,-2,-1,1,1,1,5441,5441^1,5441,1,1,1,6436,2^2*1609^1,1609,1,0,0,1,0,0,1,0,0,1,0,0
323,1,-2,-2,0,737,11^1*67^1,67,177,3^1*59^1,59,726,2^1*3^1*11^2,11,208,2^4*13^1,13,0,0,0,0,0,0,0,0,0,1,1,1
324,1,-2,-2,1,1377,3^4*17^1,17,5697,3^3*211^1,211,1103,1103^1,1103,5219,17^1*307^1,307,0,0,0,0,0,0,0,0,0,0,0,0
325,1,-2,-2,2,1009,1009^1,1009,48929,113^1*433^1,433,515,5^1*103^1,103,38447,38447^1,38447,0,0,0,0,0,0,0,0,0,0,0,0
326,1,-2,-1,-2,2969,2969^1,2969,11524,2^2*43^1*67^1,67,3194,2^1*1597^1,1597,15349,15349^1,15349,0,0,0,0,0,0,0,0,0,0,0,0
327,1,-2,-1,-1,459,3^3*17^1,17,1944,2^3*3^5,3,326,2^1*163^1,163,1511,1511^1,1511,0,1,0,0,0,0,0,1,0,0,0,0
328,1,-2,-1,0,657,3^2*73^1,73,452,2^2*113^1,113,564,2^2*3^1*47^1,47,335,5^1*67^1,67,0,0,0,0,0,0,0,0,0,0,0,0
329,1,-2,-1,1,971,971^1,971,2776,2^3*347^1,347,596,2^2*149^1,149,2259,3^2*251^1,251,0,0,0,0,0,0,0,0,0,0,0,0
330,1,-2,-1,2,729,3^6,3,26244,2^2*3^8,3,1016,2^3*127^1,127,22735,5^1*4547^1,4547,1,1,1,0,0,0,1,1,1,0,0,0
331,1,-2,0,-2,4489,67^2,67,3849,3^1*1283^1,1283,7964,2^2*11^1*181^1,181,3318,2^1*3^1*7^1*79^1,79,0,0,0,0,0,0,0,0,0,0,0,0
332,1,-2,0,-1,1137,3^1*379^1,379,697,17^1*41^1,41,1620,2^2*3^4*5^1,5,590,2^1*5^1*59^1,59,0,0,0,1,0,0,0,0,0,1,0,0
333,1,-2,0,0,729,3^6,3,729,3^6,3,878,2^1*439^1,439,918,2^1*3^3*17^1,17,1,1,1,0,0,0,1,1,1,0,0,0
334,1,-2,0,1,913,11^1*83^1,83,1593,3^3*59^1,59,813,3^1*271^1,271,1503,3^2*167^1,167,0,0,0,0,0,0,0,0,0,0,0,0
335,1,-2,0,2,1161,3^3*43^1,43,17161,131^2,131,1332,2^2*3^2*37^1,37,19072,2^7*149^1,149,0,0,0,0,0,0,0,0,0,0,0,0
336,1,-2,1,-2,6561,3^8,3,2916,2^2*3^6,3,4253,4253^1,4253,3521,7^1*503^1,503,1,1,1,0,0,0,1,1,1,0,0,0
337,1,-2,1,-1,1531,1531^1,1531,536,2^3*67^1,67,1510,2^1*5^1*151^1,151,627,3^1*11^1*19^1,19,0,0,0,0,0,0,0,0,0,0,0,0
338,1,-2,1,0,569,569^1,569,804,2^2*3^1*67^1,67,670,2^1*5^1*67^1,67,935,5^1*11^1*17^1,17,0,0,0,0,0,0,0,0,0,0,0,0
339,1,-2,1,1,891,3^4*11^1,11,216,2^3*3^3,3,585,3^2*5^1*13^1,13,171,3^2*19^1,19,0,1,0,0,0,0,1,1,1,1,0,0
340,1,-2,1,2,2017,2017^1,2017,15332,2^2*3833^1,3833,1496,2^3*11^1*17^1,17,10904,2^3*29^1*47^1,47,0,0,0,0,0,0,0,0,0,0,0,0
341,1,-2,2,-2,9809,17^1*577^1,577,13729,13729^1,13729,9062,2^1*23^1*197^1,197,10379,97^1*107^1,107,0,0,0,0,0,0,0,0,0,0,0,0
342,1,-2,2,-1,1809,3^3*67^1,67,3969,3^4*7^2,7,1849,43^2,43,4093,4093^1,4093,0,1,0,0,0,0,0,1,0,0,0,0
343,1,-2,2,0,129,3^1*43^1,43,2609,2609^1,2609,240,2^4*3^1*5^1,5,2065,5^1*7^1*59^1,59,0,0,0,1,0,0,0,0,0,1,0,0
344,1,-2,2,1,881,881^1,881,1921,17^1*113^1,113,1009,1009^1,1009,1781,13^1*137^1,137,0,0,0,0,0,0,0,0,0,0,0,0
345,1,-2,2,2,3537,3^3*131^1,131,27297,3^4*337^1,337,2653,7^1*379^1,379,26926,2^1*13463^1,13463,0,0,0,0,0,0,0,0,0,0,0,0
346,1,-1,-2,-2,2227,17^1*131^1,131,27107,27107^1,27107,2753,2753^1,2753,22370,2^1*5^1*2237^1,2237,0,0,0,0,0,0,0,0,0,0,0,0
347,1,-1,-2,-1,243,3^5,3,3483,3^4*43^1,43,232,2^3*29^1,29,4085,5^1*19^1*43^1,43,1,0,0,0,0,0,1,0,0,0,0,0
348,1,-1,-2,0,131,131^1,131,1011,3^1*337^1,337,195,3^1*5^1*13^1,13,930,2^1*3^1*5^1*31^1,31,0,0,0,0,0,0,0,0,0,1,0,0
349,1,-1,-2,1,67,67^1,67,5147,5147^1,5147,120,2^3*3^1*5^1,5,5233,5233^1,5233,0,0,0,1,0,0,0,0,0,1,0,0
350,1,-1,-2,2,243,3^5,3,36963,3^3*37^2,37,211,211^1,211,43940,2^2*5^1*13^3,13,1,0,0,0,0,0,1,0,0,0,1,0
351,1,-1,-1,-2,1161,3^3*43^1,43,11016,2^3*3^4*17^1,17,1754,2^1*877^1,877,12059,31^1*389^1,389,0,0,0,0,0,0,0,0,0,0,0,0
352,1,-1,-1,-1,11,11^1,11,556,2^2*139^1,139,8,2^3,2,558,2^1*3^2*31^1,31,0,0,0,1,0,0,1,0,0,1,0,0
353,1,-1,-1,0,33,3^1*11^1,11,8,2^3,2,60,2^2*3^1*5^1,5,9,3^2,3,0,1,0,1,1,1,1,1,1,1,1,1
354,1,-1,-1,1,27,3^3,3,972,2^2*3^5,3,21,3^1*7^1,7,924,2^2*3^1*7^1*11^1,11,1,1,1,1,0,0,1,1,1,1,1,1
355,1,-1,-1,2,137,137^1,137,16072,2^3*7^2*41^1,41,223,223^1,223,8697,3^1*13^1*223^1,223,0,0,0,0,0,0,0,0,0,0,0,0
356,1,-1,0,-2,1227,3^1*409^1,409,6667,59^1*113^1,113,1155,3^1*5^1*7^1*11^1,11,4212,2^2*3^4*13^1,13,0,0,0,0,0,0,0,0,0,1,1,1
357,1,-1,0,-1,67,67^1,67,147,3^1*7^2,7,80,2^4*5^1,5,232,2^3*29^1,29,0,1,0,1,0,0,0,1,0,1,0,0
358,1,-1,0,0,27,3^3,3,27,3^3,3,23,23^1,23,23,23^1,23,1,1,1,0,0,0,1,1,1,0,0,0
359,1,-1,0,1,51,3^1*17^1,17,211,211^1,211,45,3^2*5^1,5,254,2^1*127^1,127,0,0,0,1,0,0,0,0,0,1,0,0
360,1,-1,0,2,331,331^1,331,10251,3^2*17^1*67^1,67,353,353^1,353,12910,2^1*5^1*1291^1,1291,0,0,0,0,0,0,0,0,0,0,0,0
361,1,-1,1,-2,2137,2137^1,2137,8072,2^3*1009^1,1009,2273,2273^1,2273,4836,2^2*3^1*13^1*31^1,31,0,0,0,0,0,0,0,0,0,0,0,0
362,1,-1,1,-1,243,3^5,3,108,2^2*3^3,3,230,2^1*5^1*23^1,23,102,2^1*3^1*17^1,17,1,1,1,0,0,0,1,1,1,0,0,0
363,1,-1,1,0,17,17^1,17,72,2^3*3^2,3,23,23^1,23,86,2^1*43^1,43,0,1,0,0,0,0,0,1,0,0,0,0
364,1,-1,1,1,67,67^1,67,332,2^2*83^1,83,120,2^3*3^1*5^1,5,395,5^1*79^1,79,0,0,0,1,0,0,0,0,0,1,0,0
365,1,-1,1,2,729,3^6,3,12744,2^3*3^3*59^1,59,719,719^1,719,8444,2^2*2111^1,2111,1,0,0,0,0,0,1,0,0,0,0,0
366,1,-1,2,-2,4563,3^3*13^2,13,19683,3^9,3,7379,47^1*157^1,157,30528,2^6*3^2*53^1,53,0,1,0,0,0,0,1,1,1,0,0,0
367,1,-1,2,-1,803,11^1*73^1,73,2203,2203^1,2203,851,23^1*37^1,37,2138,2^1*1069^1,1069,0,0,0,0,0,0,0,0,0,0,0,0
368,1,-1,2,0,99,3^2*11^1,11,1139,17^1*67^1,67,116,2^2*29^1,29,2029,2029^1,2029,0,0,0,0,0,0,1,0,0,0,0,0
369,1,-1,2,1,243,3^5,3,3483,3^4*43^1,43,221,13^1*17^1,17,2661,3^1*887^1,887,1,0,0,0,0,0,1,0,0,0,0,0
370,1,-1,2,2,1811,1811^1,1811,28771,28771^1,28771,1458,2^1*3^6,3,22373,13^1*1721^1,1721,0,0,0,1,0,0,0,0,0,1,0,0
371,1,0,-2,-2,1369,37^2,37,29769,3^1*9923^1,9923,1536,2^9*3^1,3,19788,2^2*3^1*17^1*97^1,97,0,0,0,1,0,0,0,0,0,1,0,0
372,1,0,-2,-1,121,11^2,11,4041,3^2*449^1,449,120,2^3*3^1*5^1,5,2095,5^1*419^1,419,0,0,0,1,0,0,1,0,0,1,0,0
373,1,0,-2,0,9,3^2,3,1369,37^2,37,10,2^1*5^1,5,1230,2^1*3^1*5^1*41^1,41,1,0,0,1,0,0,1,0,0,1,0,0
374,1,0,-2,1,121,11^2,11,4041,3^2*449^1,449,113,113^1,113,2387,7^1*11^1*31^1,31,0,0,0,0,0,0,1,0,0,0,0,0
375,1,0,-2,2,1369,37^2,37,29769,3^1*9923^1,9923,1238,2^1*619^1,619,22402,2^1*23^1*487^1,487,0,0,0,0,0,0,0,0,0,0,0,0
376,1,0,-1,-2,681,3^1*227^1,227,12196,2^2*3049^1,3049,657,3^2*73^1,73,12755,5^1*2551^1,2551,0,0,0,0,0,0,0,0,0,0,0,0
377,1,0,-1,-1,27,3^3,3,472,2^3*59^1,59,17,17^1,17,370,2^1*5^1*37^1,37,1,0,0,0,0,0,1,0,0,0,0,0
378,1,0,-1,0,1,1,1,36,2^2*3^2,3,1,1,1,63,3^2*7^1,7,1,1,1,1,1,1,1,1,1,1,1,1
379,1,0,-1,1,27,3^3,3,472,2^3*59^1,59,26,2^1*13^1,13,306,2^1*3^2*17^1,17,1,0,0,0,0,0,1,0,0,1,0,0
380,1,0,-1,2,681,3^1*227^1,227,12196,2^2*3049^1,3049,746,2^1*373^1,373,14704,2^4*919^1,919,0,0,0,0,0,0,0,0,0,0,0,0
381,1,0,0,-2,561,3^1*11^1*17^1,17,8241,3^1*41^1*67^1,67,987,3^1*7^1*47^1,47,9211,61^1*151^1,151,0,0,0,0,0,0,0,0,0,0,0,0
382,1,0,0,-1,9,3^2,3,129,3^1*43^1,43,12,2^2*3^1,3,147,3^1*7^2,7,1,0,0,1,1,1,1,0,0,1,1,1
383,1,0,0,0,1,1,1,1,1,1,1,1,1,1,1,1,1,1,1,1,1,1,1,1,1,1,1,1
384,1,0,0,1,9,3^2,3,129,3^1*43^1,43,8,2^3,2,146,2^1*73^1,73,1,0,0,1,0,0,1,0,0,1,0,0
385,1,0,0,2,561,3^1*11^1*17^1,17,8241,3^1*41^1*67^1,67,859,859^1,859,12210,2^1*3^1*5^1*11^1*37^1,37,0,0,0,0,0,0,0,0,0,0,0,0
386,1,0,1,-2,913,11^1*83^1,83,11268,2^2*3^2*313^1,313,641,641^1,641,14268,2^2*3^1*29^1*41^1,41,0,0,0,0,0,0,0,0,0,0,0,0
387,1,0,1,-1,43,43^1,43,408,2^3*3^1*17^1,17,52,2^2*13^1,13,424,2^3*53^1,53,0,0,0,0,0,0,0,0,0,1,0,0
388,1,0,1,0,9,3^2,3,4,2^2,2,14,2^1*7^1,7,6,2^1*3^1,3,1,1,1,1,1,1,1,1,1,1,1,1
389,1,0,1,1,43,43^1,43,408,2^3*3^1*17^1,17,57,3^1*19^1,19,407,11^1*37^1,37,0,0,0,0,0,0,0,0,0,0,0,0
390,1,0,1,2,913,11^1*83^1,83,11268,2^2*3^2*313^1,313,534,2^1*3^1*89^1,89,11038,2^1*5519^1,5519,0,0,0,0,0,0,0,0,0,0,0,0
391,1,0,2,-2,2361,3^1*787^1,787,25801,25801^1,25801,2158,2^1*13^1*83^1,83,24623,24623^1,24623,0,0,0,0,0,0,0,0,0,0,0,0
392,1,0,2,-1,393,3^1*131^1,131,2953,2953^1,2953,327,3^1*109^1,109,3631,3631^1,3631,0,0,0,0,0,0,0,0,0,0,0,0
393,1,0,2,0,169,13^2,13,729,3^6,3,244,2^2*61^1,61,800,2^5*5^2,5,0,1,0,0,1,0,1,1,1,0,1,0
394,1,0,2,1,393,3^1*131^1,131,2953,2953^1,2953,505,5^1*101^1,101,2650,2^1*5^2*53^1,53,0,0,0,0,0,0,0,0,0,0,0,0
395,1,0,2,2,2361,3^1*787^1,787,25801,25801^1,25801,2402,2^1*1201^1,1201,26704,2^4*1669^1,1669,0,0,0,0,0,0,0,0,0,0,0,0
396,1,1,-2,-2,243,3^5,3,36963,3^3*37^2,37,180,2^2*3^2*5^1,5,46750,2^1*5^3*11^1*17^1,17,1,0,0,1,0,0,1,0,0,1,0,0
397,1,1,-2,-1,67,67^1,67,5147,5147^1,5147,88,2^3*11^1,11,4252,2^2*1063^1,1063,0,0,0,0,0,0,0,0,0,1,0,0
398,1,1,-2,0,131,131^1,131,1011,3^1*337^1,337,142,2^1*71^1,71,544,2^5*17^1,17,0,0,0,0,0,0,0,0,0,0,0,0
399,1,1,-2,1,243,3^5,3,3483,3^4*43^1,43,188,2^2*47^1,47,3728,2^4*233^1,233,1,0,0,0,0,0,1,0,0,0,0,0
400,1,1,-2,2,2227,17^1*131^1,131,27107,27107^1,27107,3995,5^1*17^1*47^1,47,19640,2^3*5^1*491^1,491,0,0,0,0,0,0,0,0,0,0,0,0
401,1,1,-1,-2,137,137^1,137,16072,2^3*7^2*41^1,41,178,2^1*89^1,89,9550,2^1*5^2*191^1,191,0,0,0,0,0,0,0,0,0,0,0,0
402,1,1,-1,-1,27,3^3,3,972,2^2*3^5,3,31,31^1,31,851,23^1*37^1,37,1,1,1,0,0,0,1,1,1,0,0,0
403,1,1,-1,0,33,3^1*11^1,11,8,2^3,2,36,2^2*3^2,3,8,2^3,2,0,1,0,1,1,1,1,1,1,1,1,1
404,1,1,-1,1,11,11^1,11,556,2^2*139^1,139,13,13^1,13,806,2^1*13^1*31^1,31,0,0,0,0,0,0,1,0,0,1,0,0
405,1,1,-1,2,1161,3^3*43^1,43,11016,2^3*3^4*17^1,17,1437,3^1*479^1,479,9640,2^3*5^1*241^1,241,0,0,0,0,0,0,0,0,0,0,0,0
406,1,1,0,-2,331,331^1,331,10251,3^2*17^1*67^1,67,379,379^1,379,9600,2^7*3^1*5^2,5,0,0,0,0,1,0,0,0,0,0,1,0
407,1,1,0,-1,51,3^1*17^1,17,211,211^1,211,60,2^2*3^1*5^1,5,144,2^4*3^2,3,0,0,0,1,1,1,0,0,0,1,1,1
408,1,1,0,0,27,3^3,3,27,3^3,3,29,29^1,29,18,2^1*3^2,3,1,1,1,0,1,0,1,1,1,0,1,0
409,1,1,0,1,67,67^1,67,147,3^1*7^2,7,80,2^4*5^1,5,129,3^1*43^1,43,0,1,0,1,0,0,0,1,0,1,0,0
410,1,1,0,2,1227,3^1*409^1,409,6667,59^1*113^1,113,1418,2^1*709^1,709,5988,2^2*3^1*499^1,499,0,0,0,0,0,0,0,0,0,0,0,0
411,1,1,1,-2,729,3^6,3,12744,2^3*3^3*59^1,59,744,2^3*3^1*31^1,31,9722,2^1*4861^1,4861,1,0,0,0,0,0,1,0,0,0,0,0
412,1,1,1,-1,67,67^1,67,332,2^2*83^1,83,77,7^1*11^1,11,355,5^1*71^1,71,0,0,0,0,0,0,0,0,0,1,0,0
413,1,1,1,0,17,17^1,17,72,2^3*3^2,3,23,23^1,23,87,3^1*29^1,29,0,1,0,0,0,0,0,1,0,0,0,0
414,1,1,1,1,243,3^5,3,108,2^2*3^3,3,238,2^1*7^1*17^1,17,123,3^1*41^1,41,1,1,1,0,0,0,1,1,1,0,0,0
415,1,1,1,2,2137,2137^1,2137,8072,2^3*1009^1,1009,2518,2^1*1259^1,1259,8086,2^1*13^1*311^1,311,0,0,0,0,0,0,0,0,0,0,0,0
416,1,1,2,-2,1811,1811^1,1811,28771,28771^1,28771,2012,2^2*503^1,503,21853,13^1*41^2,41,0,0,0,0,0,0,0,0,0,0,0,0
417,1,1,2,-1,243,3^5,3,3483,3^4*43^1,43,192,2^6*3^1,3,3838,2^1*19^1*101^1,101,1,0,0,1,0,0,1,0,0,1,0,0
418,1,1,2,0,99,3^2*11^1,11,1139,17^1*67^1,67,117,3^2*13^1,13,2009,7^2*41^1,41,0,0,0,0,0,0,1,0,0,1,0,0
419,1,1,2,1,803,11^1*73^1,73,2203,2203^1,2203,722,2^1*19^2,19,3971,11^1*19^2,19,0,0,0,0,0,0,0,0,0,0,0,0
420,1,1,2,2,4563,3^3*13^2,13,19683,3^9,3,4842,2^1*3^2*269^1,269,24710,2^1*5^1*7^1*353^1,353,0,1,0,0,0,0,1,1,1,0,0,0
421,1,2,-2,-2,1009,1009^1,1009,48929,113^1*433^1,433,546,2^1*3^1*7^1*13^1,13,33850,2^1*5^2*677^1,677,0,0,0,0,0,0,0,0,0,1,0,0
422,1,2,-2,-1,1377,3^4*17^1,17,5697,3^3*211^1,211,1944,2^3*3^5,3,5525,5^2*13^1*17^1,17,0,0,0,1,0,0,0,0,0,1,0,0
423,1,2,-2,0,737,11^1*67^1,67,177,3^1*59^1,59,949,13^1*73^1,73,153,3^2*17^1,17,0,0,0,0,0,0,0,0,0,0,0,0
424,1,2,-2,1,1,1,1,5441,5441^1,5441,1,1,1,7808,2^7*61^1,61,1,0,0,1,0,0,1,0,0,1,0,0
425,1,2,-2,2,2673,3^5*11^1,11,30753,3^3*17^1*67^1,67,4095,3^2*5^1*7^1*13^1,13,28266,2^1*3^1*7^1*673^1,673,0,0,0,0,0,0,1,0,0,1,0,0
426,1,2,-1,-2,729,3^6,3,26244,2^2*3^8,3,962,2^1*13^1*37^1,37,21122,2^1*59^1*179^1,179,1,1,1,0,0,0,1,1,1,0,0,0
427,1,2,-1,-1,971,971^1,971,2776,2^3*347^1,347,882,2^1*3^2*7^2,7,2996,2^2*7^1*107^1,107,0,0,0,1,0,0,0,0,0,1,0,0
428,1,2,-1,0,657,3^2*73^1,73,452,2^2*113^1,113,512,2^9,2,383,383^1,383,0,0,0,1,0,0,0,0,0,1,0,0
429,1,2,-1,1,459,3^3*17^1,17,1944,2^3*3^5,3,495,3^2*5^1*11^1,11,1647,3^3*61^1,61,0,1,0,0,0,0,0,1,0,1,0,0
430,1,2,-1,2,2969,2969^1,2969,11524,2^2*43^1*67^1,67,2589,3^1*863^1,863,13338,2^1*3^3*13^1*19^1,19,0,0,0,0,0,0,0,0,0,0,0,0
431,1,2,0,-2,1161,3^3*43^1,43,17161,131^2,131,1766,2^1*883^1,883,16557,3^1*5519^1,5519,0,0,0,0,0,0,0,0,0,0,0,0
432,1,2,0,-1,913,11^1*83^1,83,1593,3^3*59^1,59,634,2^1*317^1,317,1181,1181^1,1181,0,0,0,0,0,0,0,0,0,0,0,0
433,1,2,0,0,729,3^6,3,729,3^6,3,523,523^1,523,697,17^1*41^1,41,1,1,1,0,0,0,1,1,1,0,0,0
434,1,2,0,1,1137,3^1*379^1,379,697,17^1*41^1,41,2027,2027^1,2027,598,2^1*13^1*23^1,23,0,0,0,0,0,0,0,0,0,0,0,0
435,1,2,0,2,4489,67^2,67,3849,3^1*1283^1,1283,6328,2^3*7^1*113^1,113,2440,2^3*5^1*61^1,61,0,0,0,0,0,0,0,0,0,0,0,0
436,1,2,1,-2,2017,2017^1,2017,15332,2^2*3833^1,3833,1596,2^2*3^1*7^1*19^1,19,9159,3^1*43^1*71^1,71,0,0,0,0,0,0,0,0,0,0,0,0
437,1,2,1,-1,891,3^4*11^1,11,216,2^3*3^3,3,669,3^1*223^1,223,231,3^1*7^1*11^1,11,0,1,0,0,0,0,1,1,1,0,1,0
438,1,2,1,0,569,569^1,569,804,2^2*3^1*67^1,67,712,2^3*89^1,89,673,673^1,673,0,0,0,0,0,0,0,0,0,0,0,0
439,1,2,1,1,1531,1531^1,1531,536,2^3*67^1,67,1826,2^1*11^1*83^1,83,1001,7^1*11^1*13^1,13,0,0,0,0,0,0,0,0,0,0,1,0
440,1,2,1,2,6561,3^8,3,2916,2^2*3^6,3,7212,2^2*3^1*601^1,601,3297,3^1*7^1*157^1,157,1,1,1,0,0,0,1,1,1,0,0,0
441,1,2,2,-2,3537,3^3*131^1,131,27297,3^4*337^1,337,3790,2^1*5^1*379^1,379,32213,32213^1,32213,0,0,0,0,0,0,0,0,0,0,0,0
442,1,2,2,-1,881,881^1,881,1921,17^1*113^1,113,660,2^2*3^1*5^1*11^1,11,1958,2^1*11^1*89^1,89,0,0,0,0,0,0,0,0,0,1,0,0
443,1,2,2,0,129,3^1*43^1,43,2609,2609^1,2609,251,251^1,251,2153,2153^1,2153,0,0,0,0,0,0,0,0,0,0,0,0
444,1,2,2,1,1809,3^3*67^1,67,3969,3^4*7^2,7,1435,5^1*7^1*41^1,41,2368,2^6*37^1,37,0,1,0,0,0,0,0,1,0,0,0,0
445,1,2,2,2,9809,17^1*577^1,577,13729,13729^1,13729,10393,19^1*547^1,547,14711,47^1*313^1,313,0,0,0,0,0,0,0,0,0,0,0,0
446,2,-2,-2,-1,648,2^3*3^4,3,3888,2^4*3^5,3,723,3^1*241^1,241,2864,2^4*179^1,179,1,1,1,0,0,0,1,1,1,0,0,0
447,2,-2,-2,1,2504,2^3*313^1,313,11824,2^4*739^1,739,2995,5^1*599^1,599,10762,2^1*5381^1,5381,0,0,0,0,0,0,0,0,0,0,0,0
448,2,-2,-1,-2,1377,3^4*17^1,17,18252,2^2*3^3*13^2,13,1485,3^3*5^1*11^1,11,23872,2^6*373^1,373,0,0,0,0,0,0,0,1,0,1,0,0
449,2,-2,-1,-1,859,859^1,859,2924,2^2*17^1*43^1,43,544,2^5*17^1,17,3535,5^1*7^1*101^1,101,0,0,0,0,0,0,0,0,0,0,0,0
450,2,-2,-1,0,1721,1721^1,1721,1356,2^2*3^1*113^1,113,1073,29^1*37^1,37,1416,2^3*3^1*59^1,59,0,0,0,0,0,0,0,0,0,0,0,0
451,2,-2,-1,1,2187,3^7,3,5292,2^2*3^3*7^2,7,2867,47^1*61^1,61,5270,2^1*5^1*17^1*31^1,31,1,1,1,0,0,0,1,1,1,0,0,0
452,2,-2,-1,2,2497,11^1*227^1,227,29132,2^2*7283^1,7283,3714,2^1*3^1*619^1,619,17951,29^1*619^1,619,0,0,0,0,0,0,0,0,0,0,0,0
453,2,-2,0,-1,1944,2^3*3^5,3,2224,2^4*139^1,139,1573,11^2*13^1,13,2612,2^2*653^1,653,1,0,0,0,0,0,1,0,0,1,0,0
454,2,-2,0,1,2008,2^3*251^1,251,1968,2^4*3^1*41^1,41,1274,2^1*7^2*13^1,13,1265,5^1*11^1*23^1,23,0,0,0,0,0,0,0,0,0,1,0,0
455,2,-2,1,-2,8777,67^1*131^1,131,4012,2^2*17^1*59^1,59,13571,41^1*331^1,331,2674,2^1*7^1*191^1,191,0,0,0,0,0,0,0,0,0,0,0,0
456,2,-2,1,-1,3267,3^3*11^2,11,972,2^2*3^5,3,3967,3967^1,3967,831,3^1*277^1,277,0,1,0,0,0,0,1,1,1,0,0,0
457,2,-2,1,0,1569,3^1*523^1,523,1964,2^2*491^1,491,1510,2^1*5^1*151^1,151,1754,2^1*877^1,877,0,0,0,0,0,0,0,0,0,0,0,0
458,2,-2,1,1,1523,1523^1,1523,268,2^2*67^1,67,1186,2^1*593^1,593,408,2^3*3^1*17^1,17,0,0,0,0,0,0,0,0,0,0,0,0
459,2,-2,1,2,3753,3^3*139^1,139,8748,2^2*3^7,3,3632,2^4*227^1,227,11117,11117^1,11117,0,1,0,0,0,0,0,1,0,0,0,0
460,2,-2,2,-1,4936,2^3*617^1,617,2096,2^4*131^1,131,5826,2^1*3^1*971^1,971,2468,2^2*617^1,617,0,0,0,0,0,0,0,0,0,0,0,0
461,2,-2,2,1,648,2^3*3^4,3,3888,2^4*3^5,3,935,5^1*11^1*17^1,17,2428,2^2*607^1,607,1,1,1,0,0,0,1,1,1,0,0,0
462,2,-1,-2,-2,1944,2^3*3^5,3,27864,2^3*3^4*43^1,43,1876,2^2*7^1*67^1,67,27354,2^1*3^1*47^1*97^1,97,1,0,0,0,0,0,1,0,0,0,0,0
463,2,-1,-2,-1,536,2^3*67^1,67,2656,2^5*83^1,83,686,2^1*7^3,7,3145,5^1*17^1*37^1,37,0,0,0,1,0,0,0,0,0,1,0,0
464,2,-1,-2,0,408,2^3*3^1*17^1,17,1688,2^3*211^1,211,457,457^1,457,1124,2^2*281^1,281,0,0,0,0,0,0,0,0,0,0,0,0
465,2,-1,-2,1,216,2^3*3^3,3,7776,2^5*3^5,3,244,2^2*61^1,61,5575,5^2*223^1,223,1,1,1,0,0,0,1,1,1,0,0,0
466,2,-1,-2,2,536,2^3*67^1,67,41176,2^3*5147^1,5147,973,7^1*139^1,139,33735,3^1*5^1*13^1*173^1,173,0,0,0,0,0,0,0,0,0,0,0,0
467,2,-1,-1,-2,619,619^1,619,12854,2^1*6427^1,6427,723,3^1*241^1,241,12625,5^3*101^1,101,0,0,0,0,0,0,0,0,0,0,0,0
468,2,-1,-1,-1,81,3^4,3,486,2^1*3^5,3,108,2^2*3^3,3,476,2^2*7^1*17^1,17,1,1,1,1,0,0,1,1,1,1,0,0
469,2,-1,-1,0,251,251^1,251,246,2^1*3^1*41^1,41,154,2^1*7^1*11^1,11,138,2^1*3^1*23^1,23,0,0,0,0,0,0,0,0,0,1,0,0
470,2,-1,-1,1,313,313^1,313,1478,2^1*739^1,739,500,2^2*5^3,5,1128,2^3*3^1*47^1,47,0,0,0,1,0,0,0,0,0,1,0,0
471,2,-1,-1,2,891,3^4*11^1,11,15606,2^1*3^3*17^2,17,512,2^9,2,12310,2^1*5^1*1231^1,1231,0,0,0,1,0,0,1,0,0,1,0,0
472,2,-1,0,-2,792,2^3*3^2*11^1,11,9112,2^3*17^1*67^1,67,1013,1013^1,1013,16084,2^2*4021^1,4021,0,0,0,0,0,0,1,0,0,0,0,0
473,2,-1,0,-1,136,2^3*17^1,17,576,2^6*3^2,3,251,251^1,251,700,2^2*5^2*7^1,7,0,1,0,0,1,0,0,1,0,0,1,0
474,2,-1,0,0,216,2^3*3^3,3,216,2^3*3^3,3,242,2^1*11^2,11,179,179^1,179,1,1,1,0,0,0,1,1,1,1,0,0
475,2,-1,0,1,264,2^3*3^1*11^1,11,64,2^6,2,266,2^1*7^1*19^1,19,112,2^4*7^1,7,0,1,0,0,1,0,1,1,1,0,1,0
476,2,-1,0,2,1048,2^3*131^1,131,8088,2^3*3^1*337^1,337,1713,3^1*571^1,571,4190,2^1*5^1*419^1,419,0,0,0,0,0,0,0,0,0,0,0,0
477,2,-1,1,-2,2403,3^3*89^1,89,9558,2^1*3^4*59^1,59,2828,2^2*7^1*101^1,101,14087,14087^1,14087,0,0,0,0,0,0,0,0,0,0,0,0
478,2,-1,1,-1,617,617^1,617,262,2^1*131^1,131,1004,2^2*251^1,251,450,2^1*3^2*5^2,5,0,0,0,0,1,0,0,0,0,0,1,0
479,2,-1,1,0,243,3^5,3,278,2^1*139^1,139,165,3^1*5^1*11^1,11,464,2^4*29^1,29,1,0,0,0,0,0,1,0,0,1,0,0
480,2,-1,1,1,81,3^4,3,486,2^1*3^5,3,78,2^1*3^1*13^1,13,407,11^1*37^1,37,1,1,1,0,0,0,1,1,1,1,0,0
481,2,-1,1,2,1139,17^1*67^1,67,10774,2^1*5387^1,5387,1939,7^1*277^1,277,13774,2^1*71^1*97^1,97,0,0,0,0,0,0,0,0,0,0,0,0
482,2,-1,2,-2,6424,2^3*11^1*73^1,73,17624,2^3*2203^1,2203,6076,2^2*7^2*31^1,31,28213,89^1*317^1,317,0,0,0,0,0,0,0,0,0,0,0,0
483,2,-1,2,-1,1944,2^3*3^5,3,864,2^5*3^3,3,1299,3^1*433^1,433,564,2^2*3^1*47^1,47,1,1,1,0,0,0,1,1,1,0,0,0
484,2,-1,2,0,536,2^3*67^1,67,1176,2^3*3^1*7^2,7,635,5^1*127^1,127,1690,2^1*5^1*13^2,13,0,1,0,0,0,0,0,1,0,0,1,0
485,2,-1,2,1,88,2^3*11^1,11,4448,2^5*139^1,139,81,3^4,3,7059,3^1*13^1*181^1,181,0,0,0,1,0,0,1,0,0,1,0,0
486,2,-1,2,2,1944,2^3*3^5,3,27864,2^3*3^4*43^1,43,2043,3^2*227^1,227,17537,13^1*19^1*71^1,71,1,0,0,0,0,0,1,0,0,0,0,0
487,2,0,-2,-1,264,2^3*3^1*11^1,11,4624,2^4*17^2,17,348,2^2*3^1*29^1,29,7823,7823^1,7823,0,0,0,0,0,0,1,0,0,0,0,0
488,2,0,-2,1,264,2^3*3^1*11^1,11,4624,2^4*17^2,17,345,3^1*5^1*23^1,23,8076,2^2*3^1*673^1,673,0,0,0,0,0,0,1,0,0,0,0,0
489,2,0,-1,-2,937,937^1,937,11652,2^2*3^1*971^1,971,589,19^1*31^1,31,14441,7^1*2063^1,2063,0,0,0,0,0,0,0,0,0,0,0,0
490,2,0,-1,-1,139,139^1,139,324,2^2*3^4,3,197,197^1,197,388,2^2*97^1,97,0,1,0,0,0,0,0,1,0,0,0,0
491,2,0,-1,0,81,3^4,3,196,2^2*7^2,7,86,2^1*43^1,43,172,2^2*43^1,43,1,1,1,0,0,0,1,1,1,0,0,0
492,2,0,-1,1,139,139^1,139,324,2^2*3^4,3,154,2^1*7^1*11^1,11,302,2^1*151^1,151,0,1,0,0,0,0,0,1,0,1,0,0
493,2,0,-1,2,937,937^1,937,11652,2^2*3^1*971^1,971,734,2^1*367^1,367,13581,3^3*503^1,503,0,0,0,0,0,0,0,0,0,0,0,0
494,2,0,0,-1,24,2^3*3^1,3,144,2^4*3^2,3,20,2^2*5^1,5,129,3^1*43^1,43,1,1,1,1,0,0,1,1,1,1,0,0
495,2,0,0,1,24,2^3*3^1,3,144,2^4*3^2,3,29,29^1,29,202,2^1*101^1,101,1,1,1,0,0,0,1,1,1,0,0,0
496,2,0,1,-2,849,3^1*283^1,283,12004,2^2*3001^1,3001,727,727^1,727,9251,11^1*29^2,29,0,0,0,0,0,0,0,0,0,0,0,0
497,2,0,1,-1,51,3^1*17^1,17,676,2^2*13^2,13,61,61^1,61,927,3^2*103^1,103,0,0,0,0,0,0,0,1,0,0,0,0
498,2,0,1,0,121,11^2,11,36,2^2*3^2,3,112,2^4*7^1,7,40,2^3*5^1,5,0,1,0,1,1,1,1,1,1,1,1,1
499,2,0,1,1,51,3^1*17^1,17,676,2^2*13^2,13,40,2^3*5^1,5,798,2^1*3^1*7^1*19^1,19,0,0,0,1,0,0,0,1,0,1,0,0
500,2,0,1,2,849,3^1*283^1,283,12004,2^2*3001^1,3001,666,2^1*3^2*37^1,37,13372,2^2*3343^1,3343,0,0,0,0,0,0,0,0,0,0,0,0
501,2,0,2,-1,712,2^3*89^1,89,2832,2^4*3^1*59^1,59,562,2^1*281^1,281,3880,2^3*5^1*97^1,97,0,0,0,0,0,0,0,0,0,0,0,0
502,2,0,2,1,712,2^3*89^1,89,2832,2^4*3^1*59^1,59,597,3^1*199^1,199,2955,3^1*5^1*197^1,197,0,0,0,0,0,0,0,0,0,0,0,0
503,2,1,-2,-2,536,2^3*67^1,67,41176,2^3*5147^1,5147,616,2^3*7^1*11^1,11,62716,2^2*15679^1,15679,0,0,0,0,0,0,0,0,0,1,0,0
504,2,1,-2,-1,216,2^3*3^3,3,7776,2^5*3^5,3,202,2^1*101^1,101,4882,2^1*2441^1,2441,1,1,1,0,0,0,1,1,1,0,0,0
505,2,1,-2,0,408,2^3*3^1*17^1,17,1688,2^3*211^1,211,468,2^2*3^2*13^1,13,1943,29^1*67^1,67,0,0,0,0,0,0,0,0,0,1,0,0
506,2,1,-2,1,536,2^3*67^1,67,2656,2^5*83^1,83,907,907^1,907,3000,2^3*3^1*5^3,5,0,0,0,0,1,0,0,0,0,0,1,0
507,2,1,-2,2,1944,2^3*3^5,3,27864,2^3*3^4*43^1,43,1470,2^1*3^1*5^1*7^2,7,24471,3^2*2719^1,2719,1,0,0,1,0,0,1,0,0,1,0,0
508,2,1,-1,-2,891,3^4*11^1,11,15606,2^1*3^3*17^2,17,847,7^1*11^2,11,14820,2^2*3^1*5^1*13^1*19^1,19,0,0,0,0,0,0,1,0,0,1,0,0
509,2,1,-1,-1,313,313^1,313,1478,2^1*739^1,739,436,2^2*109^1,109,1116,2^2*3^2*31^1,31,0,0,0,0,0,0,0,0,0,0,0,0
510,2,1,-1,0,251,251^1,251,246,2^1*3^1*41^1,41,214,2^1*107^1,107,218,2^1*109^1,109,0,0,0,0,0,0,0,0,0,0,0,0
511,2,1,-1,1,81,3^4,3,486,2^1*3^5,3,80,2^4*5^1,5,499,499^1,499,1,1,1,1,0,0,1,1,1,1,0,0
512,2,1,-1,2,619,619^1,619,12854,2^1*6427^1,6427,631,631^1,631,11645,5^1*17^1*137^1,137,0,0,0,0,0,0,0,0,0,0,0,0
513,2,1,0,-2,1048,2^3*131^1,131,8088,2^3*3^1*337^1,337,1655,5^1*331^1,331,5121,3^2*569^1,569,0,0,0,0,0,0,0,0,0,0,0,0
514,2,1,0,-1,264,2^3*3^1*11^1,11,64,2^6,2,355,5^1*71^1,71,66,2^1*3^1*11^1,11,0,1,0,0,0,0,1,1,1,0,1,0
515,2,1,0,0,216,2^3*3^3,3,216,2^3*3^3,3,164,2^2*41^1,41,251,251^1,251,1,1,1,0,0,0,1,1,1,0,0,0
516,2,1,0,1,136,2^3*17^1,17,576,2^6*3^2,3,187,11^1*17^1,17,753,3^1*251^1,251,0,1,0,0,0,0,0,1,0,0,0,0
517,2,1,0,2,792,2^3*3^2*11^1,11,9112,2^3*17^1*67^1,67,966,2^1*3^1*7^1*23^1,23,11655,3^2*5^1*7^1*37^1,37,0,0,0,0,0,0,1,0,0,0,0,0
518,2,1,1,-2,1139,17^1*67^1,67,10774,2^1*5387^1,5387,2027,2027^1,2027,11271,3^1*13^1*17^2,17,0,0,0,0,0,0,0,0,0,0,0,0
519,2,1,1,-1,81,3^4,3,486,2^1*3^5,3,123,3^1*41^1,41,334,2^1*167^1,167,1,1,1,0,0,0,1,1,1,0,0,0
520,2,1,1,0,243,3^5,3,278,2^1*139^1,139,212,2^2*53^1,53,336,2^4*3^1*7^1,7,1,0,0,0,1,0,1,0,0,0,1,0
521,2,1,1,1,617,617^1,617,262,2^1*131^1,131,525,3^1*5^2*7^1,7,492,2^2*3^1*41^1,41,0,0,0,1,0,0,0,0,0,1,0,0
522,2,1,1,2,2403,3^3*89^1,89,9558,2^1*3^4*59^1,59,4037,11^1*367^1,367,12941,12941^1,12941,0,0,0,0,0,0,0,0,0,0,0,0
523,2,1,2,-2,1944,2^3*3^5,3,27864,2^3*3^4*43^1,43,1935,3^2*5^1*43^1,43,27935,5^1*37^1*151^1,151,1,0,0,0,0,0,1,0,0,0,0,0
524,2,1,2,-1,88,2^3*11^1,11,4448,2^5*139^1,139,90,2^1*3^2*5^1,5,6391,7^1*11^1*83^1,83,0,0,0,1,0,0,1,0,0,1,0,0
525,2,1,2,0,536,2^3*67^1,67,1176,2^3*3^1*7^2,7,547,547^1,547,1053,3^4*13^1,13,0,1,0,0,0,0,0,1,0,0,1,0
526,2,1,2,1,1944,2^3*3^5,3,864,2^5*3^3,3,1448,2^3*181^1,181,544,2^5*17^1,17,1,1,1,0,0,0,1,1,1,0,0,0
527,2,1,2,2,6424,2^3*11^1*73^1,73,17624,2^3*2203^1,2203,5190,2^1*3^1*5^1*173^1,173,17642,2^1*8821^1,8821,0,0,0,0,0,0,0,0,0,0,0,0
528,2,2,-2,-1,2504,2^3*313^1,313,11824,2^4*739^1,739,2474,2^1*1237^1,1237,9935,5^1*1987^1,1987,0,0,0,0,0,0,0,0,0,0,0,0
529,2,2,-2,1,648,2^3*3^4,3,3888,2^4*3^5,3,846,2^1*3^2*47^1,47,4047,3^1*19^1*71^1,71,1,1,1,0,0,0,1,1,1,0,0,0
530,2,2,-1,-2,2497,11^1*227^1,227,29132,2^2*7283^1,7283,3819,3^1*19^1*67^1,67,32129,19^2*89^1,89,0,0,0,0,0,0,0,0,0,0,0,0
531,2,2,-1,-1,2187,3^7,3,5292,2^2*3^3*7^2,7,2165,5^1*433^1,433,6110,2^1*5^1*13^1*47^1,47,1,1,1,0,0,0,1,1,1,0,0,0
532,2,2,-1,0,1721,1721^1,1721,1356,2^2*3^1*113^1,113,1723,1723^1,1723,1991,11^1*181^1,181,0,0,0,0,0,0,0,0,0,0,0,0
533,2,2,-1,1,859,859^1,859,2924,2^2*17^1*43^1,43,789,3^1*263^1,263,3748,2^2*937^1,937,0,0,0,0,0,0,0,0,0,0,0,0
534,2,2,-1,2,1377,3^4*17^1,17,18252,2^2*3^3*13^2,13,1702,2^1*23^1*37^1,37,24971,24971^1,24971,0,0,0,0,0,0,0,1,0,0,0,0
535,2,2,0,-1,2008,2^3*251^1,251,1968,2^4*3^1*41^1,41,1534,2^1*13^1*59^1,59,1967,7^1*281^1,281,0,0,0,0,0,0,0,0,0,0,0,0
536,2,2,0,1,1944,2^3*3^5,3,2224,2^4*139^1,139,1549,1549^1,1549,2123,11^1*193^1,193,1,0,0,0,0,0,1,0,0,0,0,0
537,2,2,1,-2,3753,3^3*139^1,139,8748,2^2*3^7,3,2641,19^1*139^1,139,9263,59^1*157^1,157,0,1,0,0,0,0,0,1,0,0,0,0
538,2,2,1,-1,1523,1523^1,1523,268,2^2*67^1,67,1768,2^3*13^1*17^1,17,289,17^2,17,0,0,0,0,0,0,0,0,0,0,0,0
539,2,2,1,0,1569,3^1*523^1,523,1964,2^2*491^1,491,1729,7^1*13^1*19^1,19,1091,1091^1,1091,0,0,0,0,0,0,0,0,0,0,0,0
540,2,2,1,1,3267,3^3*11^2,11,972,2^2*3^5,3,2325,3^1*5^2*31^1,31,737,11^1*67^1,67,0,1,0,0,0,0,1,1,1,0,0,0
541,2,2,1,2,8777,67^1*131^1,131,4012,2^2*17^1*59^1,59,12368,2^4*773^1,773,2080,2^5*5^1*13^1,13,0,0,0,0,0,0,0,0,0,0,1,0
542,2,2,2,-1,648,2^3*3^4,3,3888,2^4*3^5,3,944,2^4*59^1,59,3509,11^2*29^1,29,1,1,1,0,0,0,1,1,1,0,0,0
543,2,2,2,1,4936,2^3*617^1,617,2096,2^4*131^1,131,4361,7^2*89^1,89,3013,23^1*131^1,131,0,0,0,0,0,0,0,0,0,0,0,0
