instance,local_trial,seed,p,p_bits,p_mod_8,ell,ell_mod_4,alpha_order_coordinates,ideal_index,input_ideal_norm,ideal_hnf,theta_cutoff,theta_fingerprint,theta_nonzero_coefficients,lll_element_coordinates,lll_element_reduced_norm,lll_equivalent_ideal_norm,lll_log_p_norm,exact_element_coordinates,exact_element_reduced_norm,exact_equivalent_ideal_norm,exact_log_p_norm,sqrt_p_reference,exact_norm_over_sqrt_p,lll_norm_over_sqrt_p,lll_approximation_factor,lll_exact_hit,exact_initial_norm_bound,exact_coefficient_bounds,exact_candidates_checked,lll_seconds,exact_seconds,norm_convention,sampler
0,0,33032028,2203,12,3,2273,1,1069;376;721;14,5166529,2273,"2273,0,0,0;0,2273,0,0;1324,82,1,0;2191,1324,0,1",94,1a8c82916550c5c1,0:1|8:4|16:4|32:4|40:8|64:4|69:4|72:4|75:4|76:4|78:4|79:4|80:8|82:4|84:4|86:4|88:4,35;-35;-5;2,18184,8,0.27014240822516383,-35;-35;2;5,18184,8,0.27014240822516383,46.93612681080534,0.1704444005839504,0.1704444005839504,1.0,1,18184,1;1;0;0,8,0.0018073999090120196,0.002497800043784082,nrd(element)/N(input ideal)=N(equivalent ideal),near-p prime-neighbor isotropic residue; not proven class-group uniform
1,1,33032028,2203,12,3,2207,3,130;630;737;2205,4870849,2207,"2207,0,0,0;0,2207,0,0;491,1209,1,0;998,491,0,1",94,14cdaa78640e2eb8,0:1|20:4|31:4|37:4|40:4|42:4|48:4|59:4|60:4|62:4|65:4|66:4|74:4|76:4|77:4|80:4|83:4|84:4|87:4|93:4|94:8,21;126;7;1,44140,20,0.3891786879096222,-126;21;-1;7,44140,20,0.3891786879096222,46.93612681080534,0.426111001459876,0.426111001459876,1.0,1,44140,1;1;0;0,8,0.001576600014232099,0.002884299959987402,nrd(element)/N(input ideal)=N(equivalent ideal),near-p prime-neighbor isotropic residue; not proven class-group uniform
2,2,33032028,2203,12,3,2339,3,2322;1638;1234;1213,5470921,2339,"2339,0,0,0;0,2339,0,0;2299,2065,1,0;274,2299,0,1",94,691f0bcf7037b5f5,0:1|21:4|33:4|34:4|41:4|42:8|54:4|66:4|67:4|68:8|74:4|77:4|80:4|82:8|84:8|85:4|91:4|92:4|94:4,-46;107;8;1,49119,21,0.39551706875959985,-107;-46;-1;8,49119,21,0.39551706875959985,46.93612681080534,0.4474165515328698,0.4474165515328698,1.0,1,49119,1;1;0;0,8,0.0011175000108778477,0.00205210002604872,nrd(element)/N(input ideal)=N(equivalent ideal),near-p prime-neighbor isotropic residue; not proven class-group uniform
3,3,33032028,2203,12,3,2339,3,617;72;1287;135,5470921,2339,"2339,0,0,0;0,2339,0,0;672,2105,1,0;234,672,0,1",94,b3eb5c2e28eb3d27,0:1|6:4|12:4|24:4|30:8|48:4|54:4|60:8|78:8|93:4|94:4,-89;-30;3;1,14034,6,0.23276933170551833,-89;-30;3;1,14034,6,0.23276933170551833,46.93612681080534,0.12783330043796282,0.12783330043796282,1.0,1,14034,1;1;0;0,8,0.0013395000714808702,0.0025381000014021993,nrd(element)/N(input ideal)=N(equivalent ideal),near-p prime-neighbor isotropic residue; not proven class-group uniform
4,4,33032028,2203,12,3,2339,3,1387;1380;606;253,5470921,2339,"2339,0,0,0;0,2339,0,0;1081,1724,1,0;615,1081,0,1",94,ca9169f40ecebe24,0:1|14:4|28:4|43:4|44:4|51:4|52:4|56:4|63:4|64:4|70:12|73:4|78:4|81:8|86:4|87:4|88:8|90:4|93:8,-37;84;6;-3,32746,14,0.3428426758708574,-84;-37;3;6,32746,14,0.3428426758708574,46.93612681080534,0.2982777010219132,0.2982777010219132,1.0,1,32746,1;1;0;0,8,0.001971699995920062,0.003953500068746507,nrd(element)/N(input ideal)=N(equivalent ideal),near-p prime-neighbor isotropic residue; not proven class-group uniform
5,5,33032028,2203,12,3,2333,1,358;1434;731;2088,5442889,2333,"2333,0,0,0;0,2333,0,0;240,609,1,0;1724,240,0,1",94,28decd0981024ca6,0:1|29:4|33:8|34:8|38:4|58:4|66:8|68:8|76:4|90:8|91:8|92:8|93:8|94:4,-36;51;10;4,67657,29,0.4374488950452802,-51;-36;-4;10,67657,29,0.4374488950452802,46.93612681080534,0.6178609521168202,0.6178609521168202,1.0,1,67657,1;1;1;1,80,0.0018594000721350312,0.002638799953274429,nrd(element)/N(input ideal)=N(equivalent ideal),near-p prime-neighbor isotropic residue; not proven class-group uniform
6,0,33032028,2503,12,7,2591,3,1076;1081;1137;318,6713281,2591,"2591,0,0,0;0,2591,0,0;1999,2459,1,0;132,1999,0,1",102,a1f1abd1a24029d5,0:1|9:4|18:4|36:4|45:8|71:4|72:4|73:4|78:4|80:4|81:4|82:4|84:4|87:4|90:8|93:4|94:4|98:4|100:4,-91;-64;-4;1,23319,9,0.2807866712807154,-91;-64;-4;1,23319,9,0.2807866712807154,50.02999100539596,0.17989209710290194,0.17989209710290194,1.0,1,23319,1;1;0;0,8,0.0015558999730274081,0.0017059999518096447,nrd(element)/N(input ideal)=N(equivalent ideal),near-p prime-neighbor isotropic residue; not proven class-group uniform
7,1,33032028,2503,12,7,2609,1,172;892;1065;722,6806881,2609,"2609,0,0,0;0,2609,0,0;1114,1007,1,0;1602,1114,0,1",102,f34862f5079911bb,0:1|15:4|30:4|44:4|48:4|55:4|59:4|60:4|63:4|67:4|70:4|75:8|81:4|82:4|88:8|89:4|93:4|96:12|100:4|101:4,62;-47;4;-6,39135,15,0.34606585483874613,-62;47;-4;6,39135,15,0.34606585483874613,50.02999100539596,0.2998201618381699,0.2998201618381699,1.0,1,39135,1;1;0;0,8,0.0017695000860840082,0.0024432999780401587,nrd(element)/N(input ideal)=N(equivalent ideal),near-p prime-neighbor isotropic residue; not proven class-group uniform
8,2,33032028,2503,12,7,2683,3,2222;254;1493;2281,7198489,2683,"2683,0,0,0;0,2683,0,0;333,1939,1,0;744,333,0,1",102,f3b69b75d955459b,0:1|23:4|32:4|34:4|46:4|55:8|57:8|64:4|66:8|68:4|76:4|82:4|92:4|99:8,-21;-21;-9;4,61709,23,0.40068957574561254,-21;-21;-9;4,61709,23,0.40068957574561254,50.02999100539596,0.4597242481518605,0.4597242481518605,1.0,1,61709,1;0;1;0,8,0.002139899996109307,0.0024784000124782324,nrd(element)/N(input ideal)=N(equivalent ideal),near-p prime-neighbor isotropic residue; not proven class-group uniform
9,3,33032028,2503,12,7,2657,1,519;1620;787;1431,7059649,2657,"2657,0,0,0;0,2657,0,0;495,996,1,0;1661,495,0,1",102,d8308024d31befed,0:1|12:4|24:4|48:4|56:4|57:4|60:12|61:4|76:4|77:4|79:4|82:4|83:4|86:4|88:4|89:4|96:4|99:4|102:4,-6;-170;2;1,31884,12,0.31755000095764924,-170;6;1;-2,31884,12,0.31755000095764924,50.02999100539596,0.23985612947053592,0.23985612947053592,1.0,1,31884,1;1;0;0,8,0.0019720999989658594,0.0027720999205484986,nrd(element)/N(input ideal)=N(equivalent ideal),near-p prime-neighbor isotropic residue; not proven class-group uniform
10,4,33032028,2503,12,7,2591,3,1992;2112;76;2010,6713281,2591,"2591,0,0,0;0,2591,0,0;469,1329,1,0;1262,469,0,1",102,ef77b57534d9fac3,0:1|22:4|33:4|35:4|44:4|54:4|56:8|58:4|66:4|67:4|69:4|70:4|75:4|81:4|88:4|96:4|98:4|102:4,11;212;3;3,57002,22,0.3950090173841378,-212;11;-3;3,57002,22,0.3950090173841378,50.02999100539596,0.43973623736264916,0.43973623736264916,1.0,1,57002,1;1;0;0,8,0.0014664999907836318,0.0021608000388368964,nrd(element)/N(input ideal)=N(equivalent ideal),near-p prime-neighbor isotropic residue; not proven class-group uniform
11,5,33032028,2503,12,7,2557,1,1125;2131;1664;99,6538249,2557,"2557,0,0,0;0,2557,0,0;659,2516,1,0;41,659,0,1",102,d421a52ea6c42245,0:1|17:4|34:4|43:4|45:4|46:4|48:4|68:4|74:8|75:4|76:4|78:4|81:4|83:4|84:4|85:12|86:4|90:4|92:4|96:4|102:4,-79;164;-4;0,43469,17,0.36206064328212606,-164;-79;0;-4,43469,17,0.36206064328212606,50.02999100539596,0.33979618341659257,0.33979618341659257,1.0,1,43469,1;1;0;0,8,0.001931999926455319,0.0023344000801444054,nrd(element)/N(input ideal)=N(equivalent ideal),near-p prime-neighbor isotropic residue; not proven class-group uniform
12,0,33032028,2803,12,3,2897,1,705;281;702;45,8392609,2897,"2897,0,0,0;0,2897,0,0;352,1806,1,0;1091,352,0,1",106,a5381392f82d2b59,0:1|9:4|18:4|36:4|45:8|72:4|81:8|82:4|83:4|84:4|90:8|97:4|98:8|100:4|101:4|103:8|104:4,-59;22;4;-4,26073,9,0.27678272316345687,-59;22;4;-4,26073,9,0.27678272316345687,52.94336596779619,0.1699929695719464,0.1699929695719464,1.0,1,26073,1;1;0;0,8,0.0020810000132769346,0.003072500112466514,nrd(element)/N(input ideal)=N(equivalent ideal),near-p prime-neighbor isotropic residue; not proven class-group uniform
13,1,33032028,2803,12,3,2897,1,721;446;403;200,8392609,2897,"2897,0,0,0;0,2897,0,0;562,477,1,0;2420,562,0,1",106,7bba22a2efffd8a4,0:1|16:4|32:4|44:4|57:4|58:4|62:4|63:4|64:4|71:4|75:4|77:4|80:8|81:4|88:4|99:4|102:4|103:4|104:4|105:4,52;37;-5;-6,46352,16,0.34926091063671355,-52;-37;5;6,46352,16,0.34926091063671355,52.94336596779619,0.3022097236834603,0.3022097236834603,1.0,1,46352,1;1;0;0,8,0.0017164000310003757,0.002730600070208311,nrd(element)/N(input ideal)=N(equivalent ideal),near-p prime-neighbor isotropic residue; not proven class-group uniform
14,2,33032028,2803,12,3,2837,1,1473;807;1597;218,8048569,2837,"2837,0,0,0;0,2837,0,0;1928,1663,1,0;1174,1928,0,1",106,0ce99d16da9f3f92,0:1|18:4|36:4|39:4|55:4|56:4|58:4|59:4|72:8|74:4|76:4|78:8|90:8|93:4|95:4|97:4|99:4,-65;-28;-8;1,51066,18,0.36409795082263524,-65;-28;-8;1,51066,18,0.36409795082263524,52.94336596779619,0.3399859391438928,0.3399859391438928,1.0,1,51066,1;1;0;0,8,0.002597699989564717,0.002810999983921647,nrd(element)/N(input ideal)=N(equivalent ideal),near-p prime-neighbor isotropic residue; not proven class-group uniform
15,3,33032028,2803,12,3,2879,3,1931;748;837;933,8288641,2879,"2879,0,0,0;0,2879,0,0;188,1549,1,0;1330,188,0,1",106,b74b82418d73505c,0:1|14:4|28:4|52:4|56:8|63:4|67:4|69:4|70:8|73:4|76:4|87:4|88:4|93:4|99:4|102:4|104:4|105:8|106:4,17;93;6;-3,40306,14,0.3324400617987531,-93;17;3;6,40306,14,0.3324400617987531,52.94336596779619,0.26443350822302775,0.26443350822302775,1.0,1,40306,1;1;0;0,8,0.0018134999554604292,0.002354600001126528,nrd(element)/N(input ideal)=N(equivalent ideal),near-p prime-neighbor isotropic residue; not proven class-group uniform
16,4,33032028,2803,12,3,2837,1,2226;99;1743;40,8048569,2837,"2837,0,0,0;0,2837,0,0;202,1654,1,0;1183,202,0,1",106,f1b4d5118a15c847,0:1|30:4|32:4|36:4|43:4|47:4|49:4|60:4|64:4|72:4|81:4|85:4|86:4|87:4|88:4|94:4|98:4|99:4|100:4|101:4|106:4,77;107;-9;4,85110,30,0.42844626945423925,-107;77;-4;-9,85110,30,0.42844626945423925,52.94336596779619,0.566643231906488,0.566643231906488,1.0,1,85110,1;1;1;1,80,0.001593099907040596,0.002742100041359663,nrd(element)/N(input ideal)=N(equivalent ideal),near-p prime-neighbor isotropic residue; not proven class-group uniform
17,5,33032028,2803,12,3,2819,3,330;1714;617;1282,7946761,2819,"2819,0,0,0;0,2819,0,0;160,776,1,0;2043,160,0,1",106,d9da2b01d3092e09,0:1|28:4|30:4|39:4|44:4|53:4|55:4|56:4|60:4|72:4|77:4|78:4|81:4|83:4|88:4|91:4|93:4|104:4|106:4,-195;-149;-3;-4,78932,28,0.41975528945793145,-195;-149;-3;-4,78932,28,0.41975528945793145,52.94336596779619,0.5288670164460555,0.5288670164460555,1.0,1,78932,1;1;1;1,80,0.0017628000350669026,0.003107900032773614,nrd(element)/N(input ideal)=N(equivalent ideal),near-p prime-neighbor isotropic residue; not proven class-group uniform
18,0,33032028,3119,12,7,3137,1,944;196;2567;208,9840769,3137,"3137,0,0,0;0,3137,0,0;988,63,1,0;3074,988,0,1",112,4a6d0ff40501031d,0:1|23:4|36:4|46:4|47:4|52:4|63:4|66:4|71:4|72:4|76:4|77:4|87:4|90:4|92:4|94:4|100:4|101:4|104:8,173;-189;-3;0,72151,23,0.3897314951317985,-189;-173;0;3,72151,23,0.3897314951317985,55.848008021772806,0.4118320565888986,0.4118320565888986,1.0,1,72151,1;1;0;0,8,0.002142900018952787,0.002943699946627021,nrd(element)/N(input ideal)=N(equivalent ideal),near-p prime-neighbor isotropic residue; not proven class-group uniform
19,1,33032028,3119,12,7,3299,3,1501;2405;2951;3047,10883401,3299,"3299,0,0,0;0,3299,0,0;1311,1044,1,0;2255,1311,0,1",112,07985bba7f266422,0:1|23:4|44:8|46:4|47:8|68:4|87:8|88:8|90:8|92:4|93:8|94:8|96:8|108:4,143;-200;-4;-2,75877,23,0.3897314951317985,-200;-143;-2;4,75877,23,0.3897314951317985,55.848008021772806,0.4118320565888986,0.4118320565888986,1.0,1,75877,1;1;0;0,8,0.0032497000647708774,0.003719200030900538,nrd(element)/N(input ideal)=N(equivalent ideal),near-p prime-neighbor isotropic residue; not proven class-group uniform
20,2,33032028,3119,12,7,3217,1,600;1824;1161;2565,10349089,3217,"3217,0,0,0;0,3217,0,0;3209,252,1,0;2965,3209,0,1",112,3ed6eab0e5bd4bb0,0:1|20:4|40:4|45:4|49:4|50:4|54:4|79:4|80:8|81:4|84:4|86:4|90:4|93:4|95:4|98:8|99:4|100:12|108:4|109:4|111:4,-8;252;1;0,64340,20,0.37235955086614664,-252;-8;0;1,64340,20,0.37235955086614664,55.848008021772806,0.35811483181643355,0.35811483181643355,1.0,1,64340,1;1;0;0,8,0.0008543999865651131,0.0013051999267190695,nrd(element)/N(input ideal)=N(equivalent ideal),near-p prime-neighbor isotropic residue; not proven class-group uniform
21,3,33032028,3119,12,7,3313,1,1112;2892;240;3094,10975969,3313,"3313,0,0,0;0,3313,0,0;2218,131,1,0;3182,2218,0,1",112,6a1472e00bf5b01a,0:1|22:4|39:4|44:4|48:4|49:4|58:4|73:4|74:4|75:4|78:4|82:4|84:4|88:4|96:4|98:4|99:4|101:8|103:4|108:4|110:8|111:4|112:4,-47;84;9;1,72886,22,0.38420628899365195,-84;-47;-1;9,72886,22,0.38420628899365195,55.848008021772806,0.3939263149980769,0.3939263149980769,1.0,1,72886,1;1;0;0,8,0.0014448000583797693,0.0023678001016378403,nrd(element)/N(input ideal)=N(equivalent ideal),near-p prime-neighbor isotropic residue; not proven class-group uniform
22,4,33032028,3119,12,7,3313,1,2344;2966;492;3033,10975969,3313,"3313,0,0,0;0,3313,0,0;353,382,1,0;2931,353,0,1",112,f7e8b39e11f363f0,0:1|27:4|29:4|53:4|54:8|58:8|59:4|78:4|80:4|82:4|84:8|86:4|88:4|90:4|106:4|108:8,237;9;5;4,89451,27,0.40966155286551253,-237;-9;-5;-4,89451,27,0.40966155286551253,55.848008021772806,0.4834550229521853,0.4834550229521853,1.0,1,89451,0;1;1;0,8,0.0012205999810248613,0.0016713999211788177,nrd(element)/N(input ideal)=N(equivalent ideal),near-p prime-neighbor isotropic residue; not proven class-group uniform
23,5,33032028,3119,12,7,3313,1,2225;2874;524;410,10975969,3313,"3313,0,0,0;0,3313,0,0;1723,23,1,0;3290,1723,0,1",112,99f678ca27cf6c8c,0:1|7:4|14:4|28:4|35:8|56:4|63:4|70:8|91:8|112:8,133;46;2;0,23191,7,0.24187015492826688,-133;-46;-2;0,23191,7,0.24187015492826688,55.848008021772806,0.12534019113575173,0.12534019113575173,1.0,1,23191,1;1;0;0,8,0.001410400029271841,0.0023628000635653734,nrd(element)/N(input ideal)=N(equivalent ideal),near-p prime-neighbor isotropic residue; not proven class-group uniform
24,0,33032028,3467,12,3,3511,3,959;2749;2222;774,12327121,3511,"3511,0,0,0;0,3511,0,0;1947,358,1,0;3153,1947,0,1",118,207afb7f13a65b2b,0:1|27:4|38:4|44:4|51:4|54:4|57:4|68:4|76:4|79:4|85:4|86:4|88:4|96:4|99:4|102:4|104:4|108:4|110:4|114:4|117:4|118:4,100;119;8;4,94797,27,0.404345318663599,-119;100;-4;8,94797,27,0.404345318663599,58.881236400062114,0.45855015367801477,0.45855015367801477,1.0,1,94797,1;1;0;0,8,0.001778600038960576,0.0030036000534892082,nrd(element)/N(input ideal)=N(equivalent ideal),near-p prime-neighbor isotropic residue; not proven class-group uniform
25,1,33032028,3467,12,3,3539,3,770;1347;1213;1482,12524521,3539,"3539,0,0,0;0,3539,0,0;3064,1022,1,0;2517,3064,0,1",118,3131c16f5301ccab,0:1|27:4|36:4|48:4|49:4|54:4|61:4|70:4|72:4|77:4|78:4|89:4|91:4|96:4|98:8|100:4|108:4|114:4|116:4,214;76;7;0,95553,27,0.404345318663599,-214;-76;-7;0,95553,27,0.404345318663599,58.881236400062114,0.45855015367801477,0.45855015367801477,1.0,1,95553,1;0;1;0,8,0.0024628000101074576,0.003199600032530725,nrd(element)/N(input ideal)=N(equivalent ideal),near-p prime-neighbor isotropic residue; not proven class-group uniform
26,2,33032028,3467,12,3,3709,1,3076;2573;612;2057,13756681,3709,"3709,0,0,0;0,3709,0,0;1311,531,1,0;3178,1311,0,1",118,2dbb67e518aedfeb,0:1|18:4|36:4|55:8|60:8|72:4|86:8|90:8|91:8|96:8|97:4|101:8|110:8,199;33;5;-2,66762,18,0.3546013765297983,-199;-33;-5;2,66762,18,0.3546013765297983,58.881236400062114,0.30570010245200985,0.30570010245200985,1.0,1,66762,1;1;0;0,8,0.0018859000410884619,0.0022980000358074903,nrd(element)/N(input ideal)=N(equivalent ideal),near-p prime-neighbor isotropic residue; not proven class-group uniform
27,3,33032028,3467,12,3,3607,3,2711;1543;439;903,13010449,3607,"3607,0,0,0;0,3607,0,0;2282,2844,1,0;763,2282,0,1",118,d91eccf6a1c6a72e,0:1|23:4|39:4|46:4|51:4|62:8|73:4|74:8|78:4|90:8|92:4|96:8|102:4|109:4|112:8|115:8,-194;201;-2;1,82961,23,0.3846738960247064,-201;-194;-1;-2,82961,23,0.3846738960247064,58.881236400062114,0.3906167975775681,0.3906167975775681,1.0,1,82961,1;1;0;0,8,0.0016679000109434128,0.002508500008843839,nrd(element)/N(input ideal)=N(equivalent ideal),near-p prime-neighbor isotropic residue; not proven class-group uniform
28,4,33032028,3467,12,3,3511,3,1992;3316;1149;2172,12327121,3511,"3511,0,0,0;0,3511,0,0;1583,2141,1,0;1370,1583,0,1",118,360e2d46f668cd81,0:1|20:4|40:4|47:4|50:4|65:4|68:4|69:4|72:4|80:4|84:4|93:4|94:4|95:4|99:4|100:12|102:4|106:4|111:4|115:4,-122;173;-5;-2,70220,20,0.36752738986427286,-173;-122;2;-5,70220,20,0.36752738986427286,58.881236400062114,0.33966678050223315,0.33966678050223315,1.0,1,70220,1;1;0;0,8,0.003160799969919026,0.00411590002477169,nrd(element)/N(input ideal)=N(equivalent ideal),near-p prime-neighbor isotropic residue; not proven class-group uniform
29,5,33032028,3467,12,3,3491,3,1104;3234;1573;3329,12187081,3491,"3491,0,0,0;0,3491,0,0;3252,3211,1,0;280,3252,0,1",118,12451a4a63b2b31d,0:1|24:4|39:4|48:4|49:4|54:4|64:4|72:4|77:4|78:4|79:4|82:4|92:4|96:4|97:4|98:4|107:8|108:4|110:4|117:4,-7;-97;-7;-6,83784,24,0.3898952651500633,-97;7;-6;7,83784,24,0.3898952651500633,58.881236400062114,0.4076001366026798,0.4076001366026798,1.0,1,83784,1;1;0;0,8,0.0025951999705284834,0.00323000003118068,nrd(element)/N(input ideal)=N(equivalent ideal),near-p prime-neighbor isotropic residue; not proven class-group uniform
30,0,33032028,3719,12,7,3947,3,3092;1499;3578;1863,15578809,3947,"3947,0,0,0;0,3947,0,0;1914,1776,1,0;2171,1914,0,1",122,1ed9eed2871284f2,0:1|22:4|44:4|48:4|49:4|62:4|63:4|78:4|79:4|88:4|89:4|91:4|94:4|96:4|98:4|105:8|108:4|110:8|120:4|121:8,138;-257;1;1,86834,22,0.37598387804763583,-257;-138;1;-1,86834,22,0.37598387804763583,60.983604353957304,0.3607527012065234,0.3607527012065234,1.0,1,86834,1;1;0;0,8,0.002293199999257922,0.0032102999975904822,nrd(element)/N(input ideal)=N(equivalent ideal),near-p prime-neighbor isotropic residue; not proven class-group uniform
31,1,33032028,3719,12,7,3797,1,2790;2504;3616;3532,14417209,3797,"3797,0,0,0;0,3797,0,0;750,881,1,0;2916,750,0,1",122,84425cca0d2cb67d,0:1|33:4|39:4|42:4|49:4|52:4|58:4|66:4|78:4|84:4|95:4|98:8|102:4|104:8|111:4|112:4|116:4|118:4|121:4,226;-189;5;4,125301,33,0.42530327306075877,-226;189;-5;-4,125301,33,0.42530327306075877,60.983604353957304,0.5411290518097851,0.5411290518097851,1.0,1,125301,1;1;1;1,80,0.0021977999713271856,0.003235099953599274,nrd(element)/N(input ideal)=N(equivalent ideal),near-p prime-neighbor isotropic residue; not proven class-group uniform
32,2,33032028,3719,12,7,3989,1,2813;3283;2346;1604,15912121,3989,"3989,0,0,0;0,3989,0,0;2466,1041,1,0;2948,2466,0,1",122,f3f0717faa6bffbc,0:1|23:4|41:4|46:4|57:4|62:4|66:4|71:4|78:4|82:8|92:8|96:8|100:4|110:4|114:8|115:8|119:4,119;209;-6;1,91747,23,0.3813908390744171,-209;119;-1;-6,91747,23,0.3813908390744171,60.983604353957304,0.3771505512613654,0.3771505512613654,1.0,1,91747,1;1;0;0,8,0.00231740006711334,0.0036347999703139067,nrd(element)/N(input ideal)=N(equivalent ideal),near-p prime-neighbor isotropic residue; not proven class-group uniform
33,3,33032028,3719,12,7,3797,1,973;2771;105;3602,14417209,3797,"3797,0,0,0;0,3797,0,0;1763,2288,1,0;1509,1763,0,1",122,1326ecf8848005ee,0:1|13:4|26:4|52:4|65:8|72:4|80:4|85:8|90:4|93:8|103:8|104:4|114:4|117:4,-83;32;6;3,49361,13,0.31199170537642196,-83;32;6;3,49361,13,0.31199170537642196,60.983604353957304,0.21317205071294565,0.21317205071294565,1.0,1,49361,1;1;0;0,8,0.0028128999983891845,0.0037487999070435762,nrd(element)/N(input ideal)=N(equivalent ideal),near-p prime-neighbor isotropic residue; not proven class-group uniform
34,4,33032028,3719,12,7,3797,1,2958;2158;3155;3681,14417209,3797,"3797,0,0,0;0,3797,0,0;3007,2789,1,0;1008,3007,0,1",122,1ed9eed2871284f2,0:1|22:4|44:4|48:4|49:4|62:4|63:4|78:4|79:4|88:4|89:4|91:4|94:4|96:4|98:4|105:8|108:4|110:8|120:4|121:8,-170;119;6;-3,83534,22,0.37598387804763583,-170;119;6;-3,83534,22,0.37598387804763583,60.983604353957304,0.3607527012065234,0.3607527012065234,1.0,1,83534,1;1;0;0,8,0.0029500999953597784,0.003275600029155612,nrd(element)/N(input ideal)=N(equivalent ideal),near-p prime-neighbor isotropic residue; not proven class-group uniform
35,5,33032028,3719,12,7,3833,1,807;36;2500;2102,14691889,3833,"3833,0,0,0;0,3833,0,0;2968,3484,1,0;349,2968,0,1",122,e65c19cd25d9029a,0:1|25:4|42:4|50:4|51:4|52:4|61:4|78:4|82:4|83:4|84:4|91:4|93:4|100:4|102:4|104:4|108:4|110:8|112:4|120:4|121:4|122:4,-128;33;7;6,95825,25,0.3915330940449675,-128;33;7;6,95825,25,0.3915330940449675,60.983604353957304,0.40994625137104934,0.40994625137104934,1.0,1,95825,1;1;0;0,8,0.0022276999661698937,0.0040710000321269035,nrd(element)/N(input ideal)=N(equivalent ideal),near-p prime-neighbor isotropic residue; not proven class-group uniform
36,0,33032028,560083,20,3,565723,3,447432;384239;285576;514384,320042512729,565723,"565723,0,0,0;0,565723,0,0;529996,208924,1,0;356799,529996,0,1",1498,95d727b218943ce6,0:1|295:4|528:4|590:4|597:4|714:4|783:4|932:4|1001:4|1016:4|1049:4|1056:4|1180:4|1194:4|1234:4|1235:4|1256:4|1428:4|1442:4|1453:4|1468:4|1475:8|1490:4,-4496;10860;-14;-3,166888285,295,0.4296648525550917,-10860;-4496;3;-14,166888285,295,0.4296648525550917,748.3869320077683,0.3941811212664759,0.3941811212664759,1.0,1,166888285,1;1;0;0,8,0.003667699988000095,0.004831400001421571,nrd(element)/N(input ideal)=N(equivalent ideal),near-p prime-neighbor isotropic residue; not proven class-group uniform
37,1,33032028,560083,20,3,571303,3,162803;115884;176198;64008,326387117809,571303,"571303,0,0,0;0,571303,0,0;558034,410094,1,0;161209,558034,0,1",1498,fd89c4910d52d08a,0:1|435:4|456:4|542:4|557:4|643:4|664:4|870:4|912:4|1084:4|1114:4|1225:4|1240:4|1286:4|1311:4|1328:4|1332:4|1341:4|1362:4|1498:4,4333;14376;-8;10,248516805,435,0.4590072038485023,-14376;4333;-10;-8,248516805,435,0.4590072038485023,748.3869320077683,0.5812501279692103,0.5812501279692103,1.0,1,248516805,1;1;1;1,80,0.0037273999769240618,0.004898199927993119,nrd(element)/N(input ideal)=N(equivalent ideal),near-p prime-neighbor isotropic residue; not proven class-group uniform
38,2,33032028,560083,20,3,576889,1,123857;505977;227640;490383,332800918321,576889,"576889,0,0,0;0,576889,0,0;439912,501080,1,0;75809,439912,0,1",1498,a749eee58dca95ad,0:1|336:4|426:4|656:4|672:4|727:4|797:4|852:4|868:4|957:4|1027:4|1047:4|1117:4|1169:4|1239:4|1259:4|1312:4|1329:4|1344:4|1454:4,-4711;8414;19;-19,193834704,336,0.4394969297793487,-8414;-4711;19;19,193834704,336,0.4394969297793487,748.3869320077683,0.4489656160865624,0.4489656160865624,1.0,1,193834704,1;1;0;0,8,0.0036299999337643385,0.004298000014387071,nrd(element)/N(input ideal)=N(equivalent ideal),near-p prime-neighbor isotropic residue; not proven class-group uniform
39,3,33032028,560083,20,3,571303,3,162340;358496;413304;31665,326387117809,571303,"571303,0,0,0;0,571303,0,0;107330,429251,1,0;142052,107330,0,1",1498,df13ebfae400267f,0:1|351:4|429:4|577:4|702:4|748:4|812:4|858:4|896:4|960:4|974:4|983:4|1038:4|1154:4|1302:4|1366:4|1380:4|1404:4|1427:4|1444:4|1496:4,3371;12380;16;0,200527353,351,0.4427966873032292,-12380;3371;0;16,200527353,351,0.4427966873032292,748.3869320077683,0.46900872394756965,0.46900872394756965,1.0,1,200527353,1;0;1;0,8,0.0029109000461176038,0.003695199964568019,nrd(element)/N(input ideal)=N(equivalent ideal),near-p prime-neighbor isotropic residue; not proven class-group uniform
40,4,33032028,560083,20,3,582499,3,432871;205743;557884;501669,339305085001,582499,"582499,0,0,0;0,582499,0,0;471081,543393,1,0;39106,471081,0,1",1498,73db3460f79ddfb0,0:1|318:4|505:4|552:4|636:4|729:4|776:4|917:4|963:4|964:4|1010:4|1094:4|1104:4|1151:4|1235:4|1272:4|1318:4|1458:4|1459:4,7885;-9606;-14;5,185234682,318,0.4353370293819101,-9606;-7885;5;14,185234682,318,0.4353370293819101,748.3869320077683,0.4249138866533537,0.4249138866533537,1.0,1,185234682,1;1;0;0,8,0.004235200001858175,0.005224999971687794,nrd(element)/N(input ideal)=N(equivalent ideal),near-p prime-neighbor isotropic residue; not proven class-group uniform
41,5,33032028,560083,20,3,582499,3,194078;247810;82995;309687,339305085001,582499,"582499,0,0,0;0,582499,0,0;488232,79391,1,0;503108,488232,0,1",1498,db3620f03fe84807,0:1|393:4|424:4|494:4|771:4|786:4|841:4|848:4|863:4|872:4|933:4|964:4|988:4|1140:4|1350:4|1443:4|1487:4,-11074;-74;-26;9,228922107,393,0.45133587983893886,-11074;-74;-26;9,228922107,393,0.45133587983893886,748.3869320077683,0.52512942595839,0.52512942595839,1.0,1,228922107,1;1;1;1,80,0.002454299945384264,0.004964999970979989,nrd(element)/N(input ideal)=N(equivalent ideal),near-p prime-neighbor isotropic residue; not proven class-group uniform
42,0,33032028,640007,20,7,672019,3,379408;206367;332479;4929,451609536361,672019,"672019,0,0,0;0,672019,0,0;615758,306561,1,0;365458,615758,0,1",1602,b181e3f0dbf50b4b,0:1|186:4|372:4|744:4|867:4|930:8|982:4|1053:8|1124:4|1168:8|1310:8|1469:4|1488:4,-2009;-2058;17;21,124995534,186,0.3908785290305698,-2058;2009;21;-17,124995534,186,0.3908785290305698,800.0043749880372,0.23249872852605505,0.23249872852605505,1.0,1,124995534,1;1;0;0,8,0.0032269000075757504,0.0052239999640733,nrd(element)/N(input ideal)=N(equivalent ideal),near-p prime-neighbor isotropic residue; not proven class-group uniform
43,1,33032028,640007,20,7,640019,3,473853;492972;142294;411265,409624320361,640019,"640019,0,0,0;0,640019,0,0;53822,365549,1,0;274470,53822,0,1",1602,cb8472f5fc1c3027,0:1|276:4|552:4|599:4|742:4|815:4|935:4|958:4|1008:4|1078:4|1104:4|1198:4|1224:4|1281:4|1344:4|1380:8|1401:4|1437:4|1484:4|1547:4|1583:4,3642;9059;-22;-5,176645244,276,0.42039810961457064,-9059;3642;5;-22,176645244,276,0.42039810961457064,800.0043749880372,0.34499811329672686,0.34499811329672686,1.0,1,176645244,1;1;0;0,8,0.004481299896724522,0.005418200045824051,nrd(element)/N(input ideal)=N(equivalent ideal),near-p prime-neighbor isotropic residue; not proven class-group uniform
44,2,33032028,640007,20,7,640019,3,488456;576812;556904;393406,409624320361,640019,"640019,0,0,0;0,640019,0,0;400053,23287,1,0;616732,400053,0,1",1602,caaace026f45afa7,0:1|439:4|499:4|567:4|624:4|692:4|752:4|878:4|998:4|1134:4|1248:4|1252:4|1309:4|1320:4|1380:4|1384:4|1434:4|1494:4|1504:4|1513:4,-4567;-4592;-38;7,280968341,439,0.45511203067565953,-4592;4567;7;38,280968341,439,0.45511203067565953,800.0043749880372,0.5487469990480547,0.5487469990480547,1.0,1,280968341,1;1;1;1,80,0.004639399936422706,0.005435500061139464,nrd(element)/N(input ideal)=N(equivalent ideal),near-p prime-neighbor isotropic residue; not proven class-group uniform
45,3,33032028,640007,20,7,659221,1,100910;609408;571724;457632,434572326841,659221,"659221,0,0,0;0,659221,0,0;389420,385103,1,0;274118,389420,0,1",1602,17c0adcf82a9765f,0:1|311:4|608:4|622:4|651:4|708:4|751:4|1048:4|1130:4|1173:4|1187:4|1216:4|1244:4|1287:4|1302:4|1316:4|1416:8|1430:4|1470:4|1473:4|1502:4|1555:8|1584:4,-2977;-1862;34;7,205017731,311,0.42932846740129604,-2977;-1862;34;7,205017731,311,0.42932846740129604,800.0043749880372,0.388747874040877,0.388747874040877,1.0,1,205017731,1;1;0;0,8,0.0036675999872386456,0.004031599964946508,nrd(element)/N(input ideal)=N(equivalent ideal),near-p prime-neighbor isotropic residue; not proven class-group uniform
46,4,33032028,640007,20,7,659221,1,420444;144633;274327;365765,434572326841,659221,"659221,0,0,0;0,659221,0,0;189953,273147,1,0;386074,189953,0,1",1602,8db7962703d16cdf,0:1|257:4|514:4|659:4|770:4|789:4|900:4|1028:4|1043:4|1062:4|1154:4|1192:4|1285:8|1302:4|1318:4|1395:4|1433:4|1446:4|1525:4|1540:4|1544:4|1556:4|1578:4|1594:4,-1107;-12173;11;-2,169419797,257,0.4150631159472841,-12173;1107;-2;-11,169419797,257,0.4150631159472841,800.0043749880372,0.3212482431784739,0.3212482431784739,1.0,1,169419797,1;1;0;0,8,0.0023264000192284584,0.0032269000075757504,nrd(element)/N(input ideal)=N(equivalent ideal),near-p prime-neighbor isotropic residue; not proven class-group uniform
47,5,33032028,640007,20,7,640019,3,335108;611720;607805;34183,409624320361,640019,"640019,0,0,0;0,640019,0,0;306658,489212,1,0;150807,306658,0,1",1602,03456e5a6d00cd4f,0:1|366:4|523:4|586:4|705:4|732:4|768:4|925:4|1046:4|1073:4|1136:4|1172:4|1192:4|1293:4|1374:4|1381:4|1410:4|1464:4|1531:4|1536:4|1563:4,-5850;10812;20;-11,234246954,366,0.44150870274148285,-10812;-5850;11;20,234246954,366,0.44150870274148285,800.0043749880372,0.45749749806739864,0.45749749806739864,1.0,1,234246954,1;1;0;0,8,0.005128500051796436,0.0049282999243587255,nrd(element)/N(input ideal)=N(equivalent ideal),near-p prime-neighbor isotropic residue; not proven class-group uniform
48,0,33032028,720019,20,3,756023,3,255607;608691;238068;658181,571570776529,756023,"756023,0,0,0;0,756023,0,0;394627,574201,1,0;181822,394627,0,1",1698,244706f908391dfa,0:1|423:4|553:4|572:4|747:4|766:4|846:4|896:4|1106:4|1144:4|1205:4|1224:4|1354:4|1380:4|1437:4|1494:4|1532:4|1574:4|1631:4|1692:4,13068;-11240;10;-5,319797729,423,0.4483841800536707,-13068;11240;-10;5,319797729,423,0.4483841800536707,848.5393332073652,0.49850370330049,0.49850370330049,1.0,1,319797729,1;1;0;0,8,0.0032186999451369047,0.0036239000037312508,nrd(element)/N(input ideal)=N(equivalent ideal),near-p prime-neighbor isotropic residue; not proven class-group uniform
49,1,33032028,720019,20,3,734423,3,366061;700249;319412;356795,539377142929,734423,"734423,0,0,0;0,734423,0,0;642518,486131,1,0;248292,642518,0,1",1698,e869364599541bc1,0:1|312:4|617:4|624:4|718:4|855:4|956:4|1003:4|1104:4|1140:4|1234:4|1248:4|1261:4|1378:4|1409:4|1436:4|1443:4|1526:4|1560:8|1681:4|1683:4,8968;2989;-27;-7,229139976,312,0.4258166521210677,-8968;-2989;27;7,229139976,312,0.4258166521210677,848.5393332073652,0.36769067477482953,0.36769067477482953,1.0,1,229139976,1;1;0;0,8,0.003997099935077131,0.004904000088572502,nrd(element)/N(input ideal)=N(equivalent ideal),near-p prime-neighbor isotropic residue; not proven class-group uniform
50,2,33032028,720019,20,3,734423,3,21977;159816;27982;515767,539377142929,734423,"734423,0,0,0;0,734423,0,0;54005,409779,1,0;324644,54005,0,1",1698,48f8e4b1deb394c3,0:1|332:4|552:4|664:4|775:4|850:4|918:4|993:4|1073:4|1104:4|1141:4|1291:4|1293:4|1328:4|1359:4|1361:4|1511:4|1550:4|1579:4|1660:8|1662:4,3732;7545;-29;-11,243828436,332,0.430423431214881,-7545;3732;11;-29,243828436,332,0.430423431214881,848.5393332073652,0.3912605898244981,0.3912605898244981,1.0,1,243828436,1;1;0;0,8,0.004228300065733492,0.004856699961237609,nrd(element)/N(input ideal)=N(equivalent ideal),near-p prime-neighbor isotropic residue; not proven class-group uniform
51,3,33032028,720019,20,3,720023,3,195964;542723;245388;457923,518433120529,720023,"720023,0,0,0;0,720023,0,0;711254,629249,1,0;90774,711254,0,1",1698,2f5f2f011e62306c,0:1|241:4|482:4|758:4|917:4|936:4|964:4|1062:4|1081:4|1095:4|1205:8|1221:4|1259:4|1385:4|1516:4|1558:4|1596:4|1612:4,-5199;968;-18;22,173525543,241,0.40667187382734343,-5199;968;-18;22,173525543,241,0.40667187382734343,848.5393332073652,0.2840174763485061,0.2840174763485061,1.0,1,173525543,1;1;0;0,8,0.003817099961452186,0.003937300061807036,nrd(element)/N(input ideal)=N(equivalent ideal),near-p prime-neighbor isotropic residue; not proven class-group uniform
52,4,33032028,720019,20,3,741641,1,52220;246141;726242;61136,550031372881,741641,"741641,0,0,0;0,741641,0,0;707340,327842,1,0;413799,707340,0,1",1698,b703f018dc95c50c,0:1|483:4|576:4|592:4|641:4|657:4|750:4|966:4|1152:4|1184:4|1282:4|1314:4|1477:4|1493:4|1500:4|1526:4|1574:4|1586:4|1591:4|1639:4|1672:4|1684:4|1688:4,-18724;409;-4;5,358212603,483,0.4582191434434009,-18724;409;-4;5,358212603,483,0.4582191434434009,848.5393332073652,0.5692134484494957,0.5692134484494957,1.0,1,358212603,1;1;1;1,80,0.0030366000719368458,0.004171299980953336,nrd(element)/N(input ideal)=N(equivalent ideal),near-p prime-neighbor isotropic residue; not proven class-group uniform
53,5,33032028,720019,20,3,763223,3,282368;170109;60426;188904,582509347729,763223,"763223,0,0,0;0,763223,0,0;647368,314483,1,0;448740,647368,0,1",1698,fb4bafd7753da23d,0:1|381:4|551:4|679:4|696:4|762:4|824:4|994:4|1102:4|1168:4|1185:4|1296:4|1330:4|1358:4|1392:4|1466:4|1500:4|1524:4|1569:4|1603:4|1648:4,-10822;-5587;28;-3,290787963,381,0.44063059890252887,-10822;-5587;28;-3,290787963,381,0.44063059890252887,848.5393332073652,0.449006881696186,0.449006881696186,1.0,1,290787963,1;1;0;0,8,0.003841100027784705,0.0037834999384358525,nrd(element)/N(input ideal)=N(equivalent ideal),near-p prime-neighbor isotropic residue; not proven class-group uniform
54,0,33032028,800119,20,7,816131,3,475040;534855;40376;48445,666069809161,816131,"816131,0,0,0;0,816131,0,0;515617,277568,1,0;538563,515617,0,1",1790,a1a108bc09dfe07f,0:1|199:4|398:4|796:4|995:8|1013:4|1139:4|1182:4|1242:4|1285:4|1308:4|1368:4|1454:4|1514:4|1592:4|1663:4|1749:4,4503;-605;-15;-22,162410069,199,0.38942789721929844,-4503;605;15;22,162410069,199,0.38942789721929844,894.4937115486056,0.22247221800528735,0.22247221800528735,1.0,1,162410069,1;1;0;0,8,0.003965600044466555,0.004275199957191944,nrd(element)/N(input ideal)=N(equivalent ideal),near-p prime-neighbor isotropic residue; not proven class-group uniform
55,1,33032028,800119,20,7,808147,3,732679;47951;581882;788386,653101573609,808147,"808147,0,0,0;0,808147,0,0;460443,294032,1,0;514115,460443,0,1",1790,ae23804407988da5,0:1|298:4|596:4|719:4|840:4|857:4|978:4|1177:4|1192:4|1194:4|1298:4|1332:4|1399:4|1438:4|1490:8|1557:4|1591:4|1652:4|1680:4|1695:4|1712:4|1714:4|1719:4|1753:4,9948;5959;-22;-7,240827806,298,0.419134587970198,-9948;-5959;22;7,240827806,298,0.419134587970198,894.4937115486056,0.33314935158580716,0.33314935158580716,1.0,1,240827806,1;1;0;0,8,0.004747000057250261,0.006196800037287176,nrd(element)/N(input ideal)=N(equivalent ideal),near-p prime-neighbor isotropic residue; not proven class-group uniform
56,2,33032028,800119,20,7,816131,3,491374;710627;192240;234472,666069809161,816131,"816131,0,0,0;0,816131,0,0;690589,406485,1,0;409646,690589,0,1",1790,23e06ebf90cfd9ae,0:1|454:4|503:4|630:4|877:4|908:4|1004:4|1006:4|1037:4|1053:4|1164:4|1213:4|1260:4|1284:4|1658:4|1665:4|1707:4|1754:4,-762;6197;36;19,370523474,454,0.4501077881794824,-6197;-762;-19;36,370523474,454,0.4501077881794824,894.4937115486056,0.5075496832884445,0.5075496832884445,1.0,1,370523474,1;1;1;1,80,0.004207300022244453,0.006014099926687777,nrd(element)/N(input ideal)=N(equivalent ideal),near-p prime-neighbor isotropic residue; not proven class-group uniform
57,3,33032028,800119,20,7,816131,3,124730;790219;354506;61278,666069809161,816131,"816131,0,0,0;0,816131,0,0;430567,295523,1,0;520608,430567,0,1",1790,7f9d950d55fe10e1,0:1|310:4|620:4|701:4|756:4|947:4|1002:4|1075:4|1130:4|1240:4|1266:4|1393:4|1402:4|1431:4|1512:8|1521:4|1550:8|1640:4|1677:4,8044;7799;-14;21,253000610,310,0.4220390400755121,-8044;-7799;14;-21,253000610,310,0.4220390400755121,894.4937115486056,0.3465647617167793,0.3465647617167793,1.0,1,253000610,1;1;0;0,8,0.0038461999502032995,0.0053391000255942345,nrd(element)/N(input ideal)=N(equivalent ideal),near-p prime-neighbor isotropic residue; not proven class-group uniform
58,4,33032028,800119,20,7,848131,3,816050;832225;135186;26975,719326193161,848131,"848131,0,0,0;0,848131,0,0;243220,437713,1,0;410418,243220,0,1",1790,4d508c2cdc4804a4,0:1|342:4|668:4|684:4|709:4|858:4|899:4|1162:4|1203:4|1225:4|1311:4|1336:4|1368:4|1418:4|1434:4|1501:4|1529:4|1624:4|1710:8|1716:4|1732:4|1773:4,-11311;9128;13;15,290060802,342,0.42926643207726867,-11311;9128;13;15,290060802,342,0.42926643207726867,894.4937115486056,0.3823391887327049,0.3823391887327049,1.0,1,290060802,1;1;0;0,8,0.0036465999437496066,0.00475139997433871,nrd(element)/N(input ideal)=N(equivalent ideal),near-p prime-neighbor isotropic residue; not proven class-group uniform
59,5,33032028,800119,20,7,808147,3,693532;582620;141996;268045,653101573609,808147,"808147,0,0,0;0,808147,0,0;175256,193005,1,0;615142,175256,0,1",1790,72aa156255d2071b,0:1|264:4|528:4|774:4|913:4|998:4|1056:4|1078:4|1137:4|1163:4|1217:4|1320:8|1387:4|1467:4|1548:4|1580:4|1647:4|1727:4|1750:4,-2863;13628;9;4,213350808,264,0.4102220080161588,-13628;-2863;-4;9,213350808,264,0.4102220080161588,894.4937115486056,0.2951390228813862,0.2951390228813862,1.0,1,213350808,1;1;0;0,8,0.002967400010675192,0.004074400058016181,nrd(element)/N(input ideal)=N(equivalent ideal),near-p prime-neighbor isotropic residue; not proven class-group uniform
60,0,33032028,880027,20,3,906431,3,722332;783220;408532;340000,821617157761,906431,"906431,0,0,0;0,906431,0,0;178845,217643,1,0;688788,178845,0,1",1878,58b96d2797702d63,0:1|360:4|720:4|722:4|795:4|804:4|877:4|1239:4|1360:4|1369:4|1433:4|1440:4|1444:4|1451:4|1588:4|1590:4|1606:4|1608:4|1670:4|1679:4|1754:4|1795:4|1800:8|1813:4,-4457;7608;31;13,326315160,360,0.4300284670230476,-7608;-4457;-13;31,326315160,360,0.4300284670230476,938.0975429026557,0.38375540232851496,0.38375540232851496,1.0,1,326315160,1;1;0;0,8,0.0041077000787481666,0.004585400107316673,nrd(element)/N(input ideal)=N(equivalent ideal),near-p prime-neighbor isotropic residue; not proven class-group uniform
61,1,33032028,880027,20,3,906431,3,52600;95497;470750;124424,821617157761,906431,"906431,0,0,0;0,906431,0,0;462706,659817,1,0;246614,462706,0,1",1878,1f1b8181dc893f3d,0:1|274:4|548:4|908:4|928:4|957:4|977:4|1096:4|1370:8|1407:4|1427:4|1436:4|1485:4|1496:4|1545:4|1554:4|1574:4|1611:4|1816:4|1856:4,-3200;13979;13;5,248362094,274,0.4100853233134849,-13979;-3200;-5;13,248362094,274,0.4100853233134849,938.0975429026557,0.2920805006611475,0.2920805006611475,1.0,1,248362094,1;1;0;0,8,0.0035438000923022628,0.0045940999407321215,nrd(element)/N(input ideal)=N(equivalent ideal),near-p prime-neighbor isotropic residue; not proven class-group uniform
62,2,33032028,880027,20,3,924031,3,252572;826109;250451;776188,853833288961,924031,"924031,0,0,0;0,924031,0,0;864250,423577,1,0;500454,864250,0,1",1878,00096ed2e241d712,0:1|137:4|274:4|548:4|685:8|1096:4|1233:4|1370:8|1644:8|1735:8|1781:8|1827:8,1727;-6986;18;4,126592247,137,0.35944520246531414,-6986;-1727;4;-18,126592247,137,0.35944520246531414,938.0975429026557,0.14604025033057375,0.14604025033057375,1.0,1,126592247,1;1;0;0,8,0.0038439000491052866,0.004340299987234175,nrd(element)/N(input ideal)=N(equivalent ideal),near-p prime-neighbor isotropic residue; not proven class-group uniform
63,3,33032028,880027,20,3,924031,3,421079;836192;438123;566673,853833288961,924031,"924031,0,0,0;0,924031,0,0;313982,758728,1,0;165303,313982,0,1",1878,620913f248677235,0:1|352:4|704:4|742:4|791:4|824:4|873:4|1263:4|1364:4|1397:4|1408:4|1413:4|1479:4|1484:4|1544:4|1582:4|1610:4|1626:4|1648:4|1659:4|1746:4|1760:8|1803:4|1869:4,7941;-14396;-15;-5,325258912,352,0.4283866394746293,-14396;-7941;-5;15,325258912,352,0.4283866394746293,938.0975429026557,0.37522750449899245,0.37522750449899245,1.0,1,325258912,1;1;0;0,8,0.0039224999491125345,0.005321800010278821,nrd(element)/N(input ideal)=N(equivalent ideal),near-p prime-neighbor isotropic residue; not proven class-group uniform
64,4,33032028,880027,20,3,888857,1,468738;711145;865106;162366,790066766449,888857,"888857,0,0,0;0,888857,0,0;419372,548642,1,0;340215,419372,0,1",1878,31b42e0d50cfa846,0:1|117:4|234:4|468:4|585:8|936:4|1053:4|1170:8|1521:8|1872:4,-7975;5036;-8;2,103996269,117,0.3479160996707123,-7975;5036;-8;2,103996269,117,0.3479160996707123,938.0975429026557,0.12472050575676737,0.12472050575676737,1.0,1,103996269,1;1;0;0,8,0.003191700088791549,0.003513099974952638,nrd(element)/N(input ideal)=N(equivalent ideal),near-p prime-neighbor isotropic residue; not proven class-group uniform
65,5,33032028,880027,20,3,897647,3,342699;619608;372664;565624,805770136609,897647,"897647,0,0,0;0,897647,0,0;449309,816,1,0;896831,449309,0,1",1878,ba4c7cdeb4f08894,0:1|5:4|10:4|20:4|25:8|40:4|45:4|50:8|65:8|80:4|85:8|90:4|100:8|125:12|130:8|145:8|160:4|170:8|180:4|185:8|200:8|205:8|225:8|245:4|250:12|260:8|265:8|290:8|305:8|320:4|325:16|340:8|360:4|365:8|370:8|400:8|405:4|410:8|425:16|445:8|450:8|485:8|490:4|500:12|505:8|520:8|530:8|545:8|565:8|580:8|585:8|605:4|610:8|625:16|640:4|650:16|680:8|685:8|720:4|725:16|730:8|740:8|745:8|765:8|785:8|800:8|810:4|820:8|845:12|850:16|865:8|890:8|900:8|905:8|925:16|965:8|970:8|980:4|985:8|1000:12|1010:8|1025:16|1040:8|1060:8|1090:8|1105:16|1125:12|1130:8|1145:8|1160:8|1165:8|1170:8|1205:8|1210:4|1220:8|1225:8|1250:16|1280:4|1285:8|1300:16|1305:8|1325:16|1345:8|1360:8|1370:8|1385:8|1405:8|1440:4|1445:12|1450:16|1460:8|1465:8|1480:8|1490:8|1525:16|1530:8|1565:8|1570:8|1585:8|1600:8|1620:4|1625:24|1640:8|1665:8|1685:8|1690:12|1700:16|1730:8|1745:8|1765:8|1780:8|1800:8|1805:4|1810:8|1825:16|1845:8|1850:16|1865:8,971;1632;2;0,4488235,5,0.11758271932585887,-1632;971;0;2,4488235,5,0.11758271932585887,938.0975429026557,0.005329936143451597,0.005329936143451597,1.0,1,4488235,1;1;0;0,8,0.0023984001018106937,0.0027676000026986003,nrd(element)/N(input ideal)=N(equivalent ideal),near-p prime-neighbor isotropic residue; not proven class-group uniform
66,0,33032028,960031,20,7,1017647,3,138558;983070;554782;828486,1035605416609,1017647,"1017647,0,0,0;0,1017647,0,0;34764,9254,1,0;1008393,34764,0,1",1960,0d90830b7224eec1,0:1|424:4|579:4|848:4|855:4|996:4|1010:4|1151:4|1158:4|1272:4|1286:4|1427:4|1441:4|1568:4|1582:4|1696:4|1710:4|1723:4|1737:4,14241;-6510;-27;7,431482328,424,0.43919100206058764,-14241;6510;27;-7,431482328,424,0.43919100206058764,979.8117166068183,0.4327362010615188,0.4327362010615188,1.0,1,431482328,1;1;0;0,8,0.0026906999992206693,0.005158200045116246,nrd(element)/N(input ideal)=N(equivalent ideal),near-p prime-neighbor isotropic residue; not proven class-group uniform
67,1,33032028,960031,20,7,979261,1,536706;116938;908890;668022,958952106121,979261,"979261,0,0,0;0,979261,0,0;524309,744051,1,0;235210,524309,0,1",1960,45851299febfc5d8,0:1|408:4|600:4|816:4|871:4|988:4|1028:4|1145:4|1200:4|1259:4|1299:4|1451:4|1491:4|1533:4|1573:4|1632:4|1725:4|1742:4|1765:4|1958:4,-15577;-2910;-19;-16,399538488,408,0.43639847499351603,-15577;-2910;-19;-16,399538488,408,0.43639847499351603,979.8117166068183,0.41640653309693315,0.41640653309693315,1.0,1,399538488,1;1;0;0,8,0.003983499947935343,0.005006000050343573,nrd(element)/N(input ideal)=N(equivalent ideal),near-p prime-neighbor isotropic residue; not proven class-group uniform
68,2,33032028,960031,20,7,969637,1,911871;883103;26836;779098,940195911769,969637,"969637,0,0,0;0,969637,0,0;460174,322103,1,0;647534,460174,0,1",1960,0ac77d3997369cce,0:1|367:4|694:4|734:4|866:4|917:4|1089:4|1205:4|1256:4|1377:4|1388:4|1416:4|1468:4|1479:4|1704:4|1732:4|1767:4|1772:4|1806:4|1834:4|1835:8|1874:4,9863;7032;-26;14,355856779,367,0.4287100922329822,-9863;-7032;26;-14,355856779,367,0.4287100922329822,979.8117166068183,0.3745617589376825,0.3745617589376825,1.0,1,355856779,1;1;0;0,8,0.004401699989102781,0.0054290000116452575,nrd(element)/N(input ideal)=N(equivalent ideal),near-p prime-neighbor isotropic residue; not proven class-group uniform
69,3,33032028,960031,20,7,1017647,3,374949;109697;959932;686349,1035605416609,1017647,"1017647,0,0,0;0,1017647,0,0;306603,597688,1,0;419959,306603,0,1",1960,9082876ee1434f20,0:1|406:4|713:4|714:4|812:4|935:4|936:4|1243:4|1303:4|1304:4|1426:4|1428:4|1524:4|1527:4|1611:4|1624:4|1746:4|1749:4|1870:4|1872:4,7159;-15134;-23;-5,413164682,406,0.4360417334773501,-15134;-7159;-5;23,413164682,406,0.4360417334773501,979.8117166068183,0.41436532460136,0.41436532460136,1.0,1,413164682,1;1;0;0,8,0.00430849997792393,0.004821900045499206,nrd(element)/N(input ideal)=N(equivalent ideal),near-p prime-neighbor isotropic residue; not proven class-group uniform
70,4,33032028,960031,20,7,998443,3,97637;358611;99384;928582,996888424249,998443,"998443,0,0,0;0,998443,0,0;597445,69516,1,0;928927,597445,0,1",1960,286781518b48f9dd,0:1|176:4|352:4|704:4|880:8|1384:4|1408:4|1441:4|1548:4|1572:4|1584:4|1605:4|1629:4|1679:4|1760:8|1843:4|1850:4|1867:4,-3090;7884;12;17,175725968,176,0.3753603466538128,-7884;-3090;-17;12,175725968,176,0.3753603466538128,979.8117166068183,0.17962634761044177,0.17962634761044177,1.0,1,175725968,1;1;0;0,8,0.0033813000191003084,0.0044009999837726355,nrd(element)/N(input ideal)=N(equivalent ideal),near-p prime-neighbor isotropic residue; not proven class-group uniform
71,5,33032028,960031,20,7,969637,1,146947;53684;485708;599573,940195911769,969637,"969637,0,0,0;0,969637,0,0;460082,416762,1,0;552875,460082,0,1",1960,0ac05983b63a3c6f,0:1|450:4|617:4|742:4|855:4|900:4|980:4|1147:4|1234:4|1279:4|1392:4|1404:4|1484:4|1571:4|1630:4|1710:4|1767:4|1797:4|1800:4|1960:4,5904;-15233;-25;-9,436336650,450,0.4435115344445582,-15233;-5904;-9;25,436336650,450,0.4435115344445582,979.8117166068183,0.4592719115039704,0.4592719115039704,1.0,1,436336650,1;1;0;0,8,0.004679700010456145,0.004968199995346367,nrd(element)/N(input ideal)=N(equivalent ideal),near-p prime-neighbor isotropic residue; not proven class-group uniform
72,0,33032028,145000043,28,3,149350057,1,38779154;80936581;72866715;42208920,22305439525903249,149350057,"149350057,0,0,0;0,149350057,0,0;127528267,112908321,1,0;36441736,127528267,0,1",24084,06643a664f647de3,0:1|5382:4|7335:4|9138:4|10764:4|12403:4|13031:4|14206:4|14670:4|14834:4|16159:4|16296:4|16787:4|18276:4|21364:4|21528:4|21705:4|21992:4|23317:4|23945:4,79717;268813;-129;58,803802006774,5382,0.4571468451771487,-268813;79717;-58;-129,803802006774,5382,0.4571468451771487,12041.59636426998,0.4469507063008321,0.4469507063008321,1.0,1,803802006774,1;0;1;0,8,0.0041686000768095255,0.0054978999542072415,nrd(element)/N(input ideal)=N(equivalent ideal),near-p prime-neighbor isotropic residue; not proven class-group uniform
73,1,33032028,145000043,28,3,153700049,1,213994;138946220;38540575;996072,23623705062602401,153700049,"153700049,0,0,0;0,153700049,0,0;62622733,62866572,1,0;90833477,62622733,0,1",24084,7a6b1c7deecfea02,0:1|5543:4|7209:4|8903:4|11086:4|12600:4|12904:4|14294:4|14418:4|14598:4|15960:4|16264:4|16601:4|17806:4|21683:4|21992:4|22172:4|22296:4|23658:4|23962:4,-538312;22575;114;50,851959371607,5543,0.45871535488767884,-538312;22575;114;50,851959371607,5543,0.45871535488767884,12041.59636426998,0.4603210265747886,0.4603210265747886,1.0,1,851959371607,0;1;1;0,8,0.00496500008739531,0.005996799911372364,nrd(element)/N(input ideal)=N(equivalent ideal),near-p prime-neighbor isotropic residue; not proven class-group uniform
74,2,33032028,145000043,28,3,152250089,1,117796561;65440896;116322260;2256513,23180089600507921,152250089,"152250089,0,0,0;0,152250089,0,0;23144098,67942169,1,0;84307920,23144098,0,1",24084,f753b6c374dd243c,0:1|4139:4|8278:4|10410:4|10658:4|11055:4|11303:4|16556:4|17574:4|18043:4|18291:4|18440:4|19085:4|19184:4|19829:4|19978:4|20226:4|20695:8|20820:4|21316:4|22110:4|22606:4,-367374;539839;-52;54,630163118371,4139,0.4431726848162874,-539839;-367374;-54;-52,630163118371,4139,0.4431726848162874,12041.59636426998,0.3437251901484846,0.3437251901484846,1.0,1,630163118371,1;1;0;0,8,0.0044710999354720116,0.004969100002199411,nrd(element)/N(input ideal)=N(equivalent ideal),near-p prime-neighbor isotropic residue; not proven class-group uniform
75,3,33032028,145000043,28,3,153700049,1,108644113;74098596;143291978;9289981,23623705062602401,153700049,"153700049,0,0,0;0,153700049,0,0;22392348,101081297,1,0;52618752,22392348,0,1",24084,3d3b31cf44006dad,0:1|3204:4|6408:4|11623:4|12816:4|12956:4|14149:4|15482:4|15505:4|16020:8|16698:4|16838:4|19224:4|20580:4|20697:4|23083:4|23223:4|23246:4|23901:4,-65316;627373;-47;20,492454956996,3204,0.4295471606145525,-627373;-65316;-20;-47,492454956996,3204,0.4295471606145525,12041.59636426998,0.2660776779984887,0.2660776779984887,1.0,1,492454956996,1;1;0;0,8,0.005468600080348551,0.007043899968266487,nrd(element)/N(input ideal)=N(equivalent ideal),near-p prime-neighbor isotropic residue; not proven class-group uniform
76,4,33032028,145000043,28,3,150800051,3,73999627;46267022;60416866;91259909,22740655381602601,150800051,"150800051,0,0,0;0,150800051,0,0;114572699,29672268,1,0;121127783,114572699,0,1",24084,90399e7540242f6e,0:1|6873:4|8004:4|8175:4|9388:4|9559:4|10690:4|13746:4|16008:4|16350:4|18776:4|19118:4|20366:4|20537:4|21380:4|21579:4|21668:4|22092:4|22963:4|23476:4,987384;-63489;36;17,1036448750523,6873,0.47015969409859254,-987384;63489;-36;-17,1036448750523,6873,0.47015969409859254,12041.59636426998,0.570771498403125,0.570771498403125,1.0,1,1036448750523,1;1;1;1,80,0.004503299947828054,0.005389499943703413,nrd(element)/N(input ideal)=N(equivalent ideal),near-p prime-neighbor isotropic residue; not proven class-group uniform
77,5,33032028,145000043,28,3,147900059,3,84385543;110501778;23685421;133992507,21874427452203481,147900059,"147900059,0,0,0;0,147900059,0,0;112739897,1990203,1,0;145909856,112739897,0,1",24084,d05b3fac5fe1979f,0:1|2934:4|5868:4|11736:4|12503:4|14399:4|14626:4|14670:8|16248:4|16475:4|16522:4|18144:4|18598:4|20220:4|22163:4|22617:4|23472:4,-96053;342273;86;-33,433938773106,2934,0.4248626031615447,-342273;-96053;33;86,433938773106,2934,0.4248626031615447,12041.59636426998,0.24365540176266098,0.24365540176266098,1.0,1,433938773106,1;1;0;0,8,0.004368499969132245,0.005299099953845143,nrd(element)/N(input ideal)=N(equivalent ideal),near-p prime-neighbor isotropic residue; not proven class-group uniform
78,0,33032028,165000023,28,7,166650041,1,48644917;108786538;131541795;128561191,27772236165301681,166650041,"166650041,0,0,0;0,166650041,0,0;142115447,5693847,1,0;160956194,142115447,0,1",25692,b59fe280b8e082e0,0:1|6728:4|8059:4|9039:4|10446:4|11426:4|12757:4|13456:4|16118:4|18078:4|19128:4|20108:4|20535:4|20892:4|21439:4|22852:4|22922:4|23475:4|24253:4|25514:4,414715;788796;-51;-73,1121221475848,6728,0.46582213979075654,-788796;414715;73;-51,1121221475848,6728,0.46582213979075654,12845.233473938884,0.5237740531264096,0.5237740531264096,1.0,1,1121221475848,1;1;1;1,80,0.004682099912315607,0.007069800049066544,nrd(element)/N(input ideal)=N(equivalent ideal),near-p prime-neighbor isotropic residue; not proven class-group uniform
79,1,33032028,165000023,28,7,166650041,1,73056573;135792251;128606592;66427024,27772236165301681,166650041,"166650041,0,0,0;0,166650041,0,0;33351907,154700752,1,0;11949289,33351907,0,1",25692,aeeb79ca46ef3c4f,0:1|6045:4|8303:4|9029:4|11614:4|12090:4|12340:4|14598:4|16606:4|17082:4|17808:4|18058:4|19667:4|20066:4|21845:4|22978:4|23228:4|24180:4|24680:4|25156:4|25236:4,719357;368473;64;-67,1007399497845,6045,0.46016472961920263,-719357;-368473;-64;67,1007399497845,6045,0.46016472961920263,12845.233473938884,0.47060257894606805,0.47060257894606805,1.0,1,1007399497845,1;0;1;0,8,0.004322399967350066,0.005804600077681243,nrd(element)/N(input ideal)=N(equivalent ideal),near-p prime-neighbor isotropic residue; not proven class-group uniform
80,2,33032028,165000023,28,7,168300029,1,48488054;102208968;16753864;135041218,28324899761400841,168300029,"168300029,0,0,0;0,168300029,0,0;98739600,42735982,1,0;125564047,98739600,0,1",25692,d62bc41a5b8cb6b6,0:1|5564:4|8447:4|9416:4|11128:4|12639:4|13608:4|15383:4|16352:4|16491:4|16894:4|18606:4|18832:4|19235:4|21513:4|22256:4|22798:4|25278:4|25542:4|25681:4,-847074;-144752;-69;6,936421361356,5564,0.45578270905719626,-847074;-144752;-69;6,936421361356,5564,0.45578270905719626,12845.233473938884,0.43315678234175725,0.43315678234175725,1.0,1,936421361356,1;1;0;0,8,0.005455100093968213,0.005934099899604917,nrd(element)/N(input ideal)=N(equivalent ideal),near-p prime-neighbor isotropic residue; not proven class-group uniform
81,3,33032028,165000023,28,7,169950049,1,64430120;4146337;13022845;140392444,28883019155102401,169950049,"169950049,0,0,0;0,169950049,0,0;165145178,46999283,1,0;122950766,165145178,0,1",25692,ac209c17958f4364,0:1|6256:4|7522:4|9037:4|12512:4|12910:4|14425:4|14646:4|15044:4|15691:4|16161:4|17427:4|18074:4|18519:4|23064:4|23907:4|25024:4|25173:4|25643:4,484778;-576335;-80;-75,1063207506544,6256,0.4619779895959041,-576335;-484778;-75;80,1063207506544,6256,0.4619779895959041,12845.233473938884,0.48702890552301104,0.48702890552301104,1.0,1,1063207506544,1;0;0;1,8,0.004833999904803932,0.006347600021399558,nrd(element)/N(input ideal)=N(equivalent ideal),near-p prime-neighbor isotropic residue; not proven class-group uniform
82,4,33032028,165000023,28,7,174900031,3,157383411;81697007;47365423;13042491,30590020843800961,174900031,"174900031,0,0,0;0,174900031,0,0;43079049,28741221,1,0;146158810,43079049,0,1",25692,2e59f56223b10060,0:1|2532:4|5064:4|10128:4|12660:8|16385:4|17968:4|18701:4|19133:4|19866:4|20256:4|20284:4|20716:4|22182:4|22614:4|22788:4|24615:4|25320:8,-518321;146118;59;-15,442846878492,2532,0.4141734500946029,-518321;146118;59;-15,442846878492,2532,0.4141734500946029,12845.233473938884,0.19711591892331587,0.19711591892331587,1.0,1,442846878492,1;1;0;0,8,0.0039715999737381935,0.004476899979636073,nrd(element)/N(input ideal)=N(equivalent ideal),near-p prime-neighbor isotropic residue; not proven class-group uniform
83,5,33032028,165000023,28,7,165000041,1,2844767;136851723;62713660;115387404,27225013530001681,165000041,"165000041,0,0,0;0,165000041,0,0;156014017,120658493,1,0;44341548,156014017,0,1",25692,9baf31f35e5e79e1,0:1|2274:4|4548:4|9096:4|11370:8|18192:4|18673:4|18746:4|20466:4|20875:4|20948:4|21019:4|21092:4|22740:8|23148:4|23367:4|25350:4|25494:4|25569:4,414480;-339980;40;23,375210093234,2274,0.40849370177180583,-414480;339980;-40;-23,375210093234,2274,0.40849370177180583,12845.233473938884,0.17703064756383108,0.17703064756383108,1.0,1,375210093234,1;1;0;0,8,0.005727900075726211,0.0068082999205216765,nrd(element)/N(input ideal)=N(equivalent ideal),near-p prime-neighbor isotropic residue; not proven class-group uniform
84,0,33032028,185000027,28,3,190550033,1,30830378;106279672;128457601;181148665,36309315076301089,190550033,"190550033,0,0,0;0,190550033,0,0;61017977,71412210,1,0;119137823,61017977,0,1",27204,c5ed06113576d89c,0:1|7015:4|7117:4|10300:4|13995:4|14030:4|14234:4|14269:4|17178:4|17280:4|17452:4|17554:4|17964:4|20600:4|24842:4|24944:4|25116:4|25218:4,257448;-1065353;48;25,1336708481495,7015,0.4652168567714323,-1065353;-257448;25;-48,1336708481495,7015,0.4652168567714323,13601.471501275148,0.5157530197627763,0.5157530197627763,1.0,1,1336708481495,1;1;1;1,80,0.004019899992272258,0.006761800032109022,nrd(element)/N(input ideal)=N(equivalent ideal),near-p prime-neighbor isotropic residue; not proven class-group uniform
85,1,33032028,185000027,28,3,186850067,3,74567541;47603577;53969019;102049549,34912947537904489,186850067,"186850067,0,0,0;0,186850067,0,0;3518025,42878590,1,0;143971477,3518025,0,1",27204,1a38fd68fe693005,0:1|2909:4|5818:4|11636:4|14545:8|16007:4|17844:4|18587:4|19245:4|19988:4|20424:4|21082:4|22568:4|23226:4|23272:4|25499:4|26181:4|26985:4,240727;-312196;74;54,543546844903,2909,0.418975655578889,-312196;-240727;54;-74,543546844903,2909,0.418975655578889,13601.471501275148,0.2138739179600736,0.2138739179600736,1.0,1,543546844903,1;1;0;0,8,0.005235699936747551,0.0061743000987917185,nrd(element)/N(input ideal)=N(equivalent ideal),near-p prime-neighbor isotropic residue; not proven class-group uniform
86,2,33032028,185000027,28,3,196100063,3,164121462;88670235;68371327;158069733,38455234708603969,196100063,"196100063,0,0,0;0,196100063,0,0;120951971,20207772,1,0;175892291,120951971,0,1",27204,8c8f3e78ed41c399,0:1|3968:4|7936:4|12143:4|13761:4|14624:4|15872:4|16242:4|17598:4|18461:4|19216:4|19840:8|20942:4|23315:4|23916:4|24286:4|24417:4|25041:4|25796:4|26659:4,365022;717059;51;-15,778125049984,3968,0.4352844907683348,-717059;365022;15;51,778125049984,3968,0.4352844907683348,13601.471501275148,0.29173314075818907,0.29173314075818907,1.0,1,778125049984,1;1;0;0,8,0.009501300053671002,0.006379400030709803,nrd(element)/N(input ideal)=N(equivalent ideal),near-p prime-neighbor isotropic residue; not proven class-group uniform
87,3,33032028,185000027,28,3,185000041,1,86659169;141519519;149026590;150558396,34225015170001681,185000041,"185000041,0,0,0;0,185000041,0,0;73479376,88250107,1,0;96749934,73479376,0,1",27204,2e5e0024b98a33d0,0:1|6820:4|7882:4|9240:4|13640:4|14269:4|15135:4|15627:4|15764:4|16493:4|16689:4|17555:4|18480:4|20164:4|24238:4|26551:4,-240854;857143;-85;-54,1261700279620,6820,0.4637359028229413,-857143;-240854;54;-85,1261700279620,6820,0.4637359028229413,13601.471501275148,0.5014163356781375,0.5014163356781375,1.0,1,1261700279620,1;1;1;1,80,0.007577599957585335,0.0074887999799102545,nrd(element)/N(input ideal)=N(equivalent ideal),near-p prime-neighbor isotropic residue; not proven class-group uniform
88,4,33032028,185000027,28,3,188700041,1,72934532;126583379;179726894;45522514,35607705473401681,188700041,"188700041,0,0,0;0,188700041,0,0;130789442,8626120,1,0;180073921,130789442,0,1",27204,a40a5e5af37ff663,0:1|5430:4|8933:4|10860:4|11360:4|14281:4|14445:4|16708:4|16872:4|17366:4|17866:4|20211:4|20375:4|21720:4|22714:4|22720:4|22878:4|24647:4|26217:4|26381:4|27150:8,727924;75655;67;-78,1024641222630,5430,0.4517626975284809,-727924;-75655;-67;78,1024641222630,5430,0.4517626975284809,13601.471501275148,0.39922151066455813,0.39922151066455813,1.0,1,1024641222630,1;1;0;0,8,0.0047848999965935946,0.006093700067140162,nrd(element)/N(input ideal)=N(equivalent ideal),near-p prime-neighbor isotropic residue; not proven class-group uniform
89,5,33032028,185000027,28,3,188700041,1,31702747;92757022;80355433;69387777,35607705473401681,188700041,"188700041,0,0,0;0,188700041,0,0;15650291,168914355,1,0;19785686,15650291,0,1",27204,7dc6d956f6cd19b8,0:1|4774:4|9548:4|10357:4|12214:4|13065:4|14922:4|17197:4|18048:4|19054:4|19096:4|20505:4|20714:4|20756:4|23619:4|23870:8|24428:4|24637:4|24888:4|25321:4|26130:4|26327:4|26339:4|27178:4,678920;14001;-97;10,900853995734,4774,0.4449989074045517,-678920;-14001;97;-10,900853995734,4774,0.4449989074045517,13601.471501275148,0.35099143497469626,0.35099143497469626,1.0,1,900853995734,1;1;0;0,8,0.004584199981763959,0.00567729992326349,nrd(element)/N(input ideal)=N(equivalent ideal),near-p prime-neighbor isotropic residue; not proven class-group uniform
90,0,33032028,205000007,28,7,215250017,1,125141300;100281586;182876192;113624405,46332569818500289,215250017,"215250017,0,0,0;0,215250017,0,0;210177498,38384231,1,0;176865786,210177498,0,1",28636,d60f1a3a4158ad9b,0:1|6648:4|10601:4|10980:4|11117:4|11496:4|13296:4|15449:4|21202:4|21960:4|22234:4|22992:4|23381:4|23518:4|23760:4|24034:4|24655:4|24929:4|25171:4|25308:4|26592:4|27713:4|27987:4,439310;-964830;37;68,1430982113016,6648,0.45991388434476266,-964830;-439310;68;-37,1430982113016,6648,0.45991388434476266,14317.821307726954,0.4643164527002616,0.4643164527002616,1.0,1,1430982113016,1;1;0;0,8,0.005868499982170761,0.006208600010722876,nrd(element)/N(input ideal)=N(equivalent ideal),near-p prime-neighbor isotropic residue; not proven class-group uniform
91,1,33032028,205000007,28,7,217300019,3,176317748;176743049;36877977;55613185,47219298257400361,217300019,"217300019,0,0,0;0,217300019,0,0;171784739,62869645,1,0;154430374,171784739,0,1",28636,5c451aaa9586487a,0:1|5343:4|10375:4|10686:4|11696:4|14971:4|16292:4|16465:4|17786:4|19740:4|20750:4|21324:4|21372:4|22818:4|23392:4|23703:4|24336:4|25830:4|26715:8|28299:4,-797445;49914;-100;-14,1161034001517,5343,0.448495615949148,-797445;49914;-100;-14,1161034001517,5343,0.448495615949148,14317.821307726954,0.3731713006584684,0.3731713006584684,1.0,1,1161034001517,1;1;0;0,8,0.0056871999986469746,0.0071350999642163515,nrd(element)/N(input ideal)=N(equivalent ideal),near-p prime-neighbor isotropic residue; not proven class-group uniform
92,2,33032028,205000007,28,7,217300019,3,111589881;197800876;37000700;61769250,47219298257400361,217300019,"217300019,0,0,0;0,217300019,0,0;137203674,138959951,1,0;78340068,137203674,0,1",28636,29375076348c64df,0:1|4476:4|8952:4|12810:4|13638:4|13963:4|14791:4|17904:4|20609:4|20934:4|21437:4|22087:4|22380:8|23125:4|23418:4|24068:4|24571:4|24896:4|25620:4|27276:4|27926:4,454386;-673000;-73;28,972634885044,4476,0.4392442476489284,-673000;-454386;28;73,972634885044,4476,0.4392442476489284,14317.821307726954,0.3126173950490931,0.3126173950490931,1.0,1,972634885044,1;1;0;0,8,0.005825100000947714,0.007741399924270809,nrd(element)/N(input ideal)=N(equivalent ideal),near-p prime-neighbor isotropic residue; not proven class-group uniform
93,3,33032028,205000007,28,7,215250017,1,212609020;160838519;193355275;56545945,46332569818500289,215250017,"215250017,0,0,0;0,215250017,0,0;4241055,202875731,1,0;12374286,4241055,0,1",28636,bf59ec74e1555260,0:1|6641:4|8173:4|11820:4|13041:4|13282:4|16346:4|16587:4|16688:4|17808:4|18220:4|20234:4|21766:4|22676:4|23640:4|24208:4|26082:4|26222:4|26564:4|27754:4,-307099;-728142;-84;-93,1429475362897,6641,0.4598588381362196,-728142;307099;-93;84,1429475362897,6641,0.4598588381362196,14317.821307726954,0.46382755150157,0.46382755150157,1.0,1,1429475362897,0;1;1;0,8,0.004230499966070056,0.005657100002281368,nrd(element)/N(input ideal)=N(equivalent ideal),near-p prime-neighbor isotropic residue; not proven class-group uniform
94,4,33032028,205000007,28,7,217300019,3,32508069;173268210;200084977;66037842,47219298257400361,217300019,"217300019,0,0,0;0,217300019,0,0;59613444,56300692,1,0;160999327,59613444,0,1",28636,c89b445881a6bb5f,0:1|2965:4|5930:4|11860:4|14825:8|17499:4|19002:4|19831:4|21097:4|21334:4|21926:4|22600:4|23720:4|24258:4|25524:4|26435:4|26685:4|28093:4,-567259;-400589;-44;-35,644294556335,2965,0.4177246763494257,-567259;-400589;-44;-35,644294556335,2965,0.4177246763494257,14317.821307726954,0.2070845791600896,0.2070845791600896,1.0,1,644294556335,1;1;0;0,8,0.006089899921789765,0.007842699997127056,nrd(element)/N(input ideal)=N(equivalent ideal),near-p prime-neighbor isotropic residue; not proven class-group uniform
95,5,33032028,205000007,28,7,205000013,1,198702743;177863259;100472808;159951761,42025005330000169,205000013,"205000013,0,0,0;0,205000013,0,0;127503676,175577792,1,0;29422221,127503676,0,1",28636,875f7207cb496c32,0:1|6918:4|9302:4|9881:4|12724:4|13303:4|13836:4|15687:4|18604:4|19716:4|19762:4|20295:4|22559:4|22679:4|24296:4|25448:4|25981:4|26606:4|27672:4|27718:4|28365:4,-145262;-756139;124;27,1418190089934,6918,0.461994016547961,-756139;145262;27;-124,1418190089934,6918,0.461994016547961,14317.821307726954,0.4831740703640809,0.4831740703640809,1.0,1,1418190089934,1;1;0;0,8,0.005456099985167384,0.005174299934878945,nrd(element)/N(input ideal)=N(equivalent ideal),near-p prime-neighbor isotropic residue; not proven class-group uniform
96,0,33032028,225000011,28,3,229500041,1,156310648;122450072;109461154;3566581,52670268819001681,229500041,"229500041,0,0,0;0,229500041,0,0;17989282,32811315,1,0;196688726,17989282,0,1",30002,6c3cbcf39310d3ed,0:1|2416:4|4832:4|9664:4|12080:8|19328:4|21744:4|23647:4|24160:8|24504:4|25017:4|25874:4|27109:4|27622:4|27966:4|28992:4,172943;528202;42;51,554472099056,2416,0.40505543479357414,-528202;172943;-51;42,554472099056,2416,0.40505543479357414,15000.000366666662,0.16106666272948164,0.16106666272948164,1.0,1,554472099056,1;1;0;0,8,0.005073999986052513,0.006089200032874942,nrd(element)/N(input ideal)=N(equivalent ideal),near-p prime-neighbor isotropic residue; not proven class-group uniform
97,1,33032028,225000011,28,3,225000029,1,74592730;110039213;174634448;170124889,50625013050000841,225000029,"225000029,0,0,0;0,225000029,0,0;41790114,91446486,1,0;133553543,41790114,0,1",30002,db394da2d25426c1,0:1|2210:4|4420:4|8840:4|11050:8|17680:4|19890:4|22100:8|25926:4|26666:4|26713:4|27453:4|28730:8|29559:4|29606:4,-86783;-509189;-56;31,497250064090,2210,0.4004213578823402,-509189;86783;31;56,497250064090,2210,0.4004213578823402,15000.000366666662,0.14733332973185198,0.14733332973185198,1.0,1,497250064090,1;1;0;0,8,0.00493819999974221,0.00630740006454289,nrd(element)/N(input ideal)=N(equivalent ideal),near-p prime-neighbor isotropic residue; not proven class-group uniform
98,2,33032028,225000011,28,3,238500023,3,58245588;64754646;44012849;135118902,56882260971000529,238500023,"238500023,0,0,0;0,238500023,0,0;186494335,12643792,1,0;225856231,186494335,0,1",30002,15b39121743c6c1b,0:1|3856:4|7712:4|15424:4|15708:4|16098:4|17269:4|17659:4|19280:8|21859:4|22249:4|23030:4|24200:4|24591:4|25761:4|26542:4|26932:4|29181:4|29511:4,141710;96645;101;75,919656088688,3856,0.4293652597196057,-141710;-96645;-101;-75,919656088688,3856,0.4293652597196057,15000.000366666662,0.25706666038281506,0.25706666038281506,1.0,1,919656088688,1;1;0;0,8,0.0046990999253466725,0.0052893999963998795,nrd(element)/N(input ideal)=N(equivalent ideal),near-p prime-neighbor isotropic residue; not proven class-group uniform
99,3,33032028,225000011,28,3,236250017,1,140503622;84362365;235247714;162928213,55814070532500289,236250017,"236250017,0,0,0;0,236250017,0,0;109268067,224923071,1,0;11326946,109268067,0,1",30002,7cdaeee0373982a2,0:1|6484:4|9453:4|11683:4|12968:4|14496:4|16726:4|17378:4|18906:4|19608:4|19695:4|20191:4|22577:4|23366:4|25234:4|25936:4|26881:4|28116:4|28203:4|28992:4,-1027980;-365201;-43;-65,1531845110228,6484,0.45638885264067514,-1027980;-365201;-43;-65,1531845110228,6484,0.45638885264067514,15000.000366666662,0.4322666561001485,0.4322666561001485,1.0,1,1531845110228,1;1;0;0,8,0.005863000056706369,0.0062701000133529305,nrd(element)/N(input ideal)=N(equivalent ideal),near-p prime-neighbor isotropic residue; not proven class-group uniform
100,4,33032028,225000011,28,3,225000029,1,189062101;141772215;103385361;45574089,50625013050000841,225000029,"225000029,0,0,0;0,225000029,0,0;66916549,146418403,1,0;78581626,66916549,0,1",30002,e5ed798ebbfb1769,0:1|3681:4|7362:4|14724:4|15478:4|17509:4|18405:8|18740:4|19578:4|20771:4|20809:4|21609:4|24071:4|24909:4|26902:4|29364:4|29448:4,266077;604008;56;-62,828225106749,3681,0.42695017747144975,-604008;266077;62;56,828225106749,3681,0.42695017747144975,15000.000366666662,0.24539999400133355,0.24539999400133355,1.0,1,828225106749,1;1;0;0,8,0.005081800045445561,0.006176399998366833,nrd(element)/N(input ideal)=N(equivalent ideal),near-p prime-neighbor isotropic residue; not proven class-group uniform
101,5,33032028,225000011,28,3,240750017,1,13703141;186060916;212457623;83079828,57960570685500289,240750017,"240750017,0,0,0;0,240750017,0,0;210568722,76551234,1,0;164198783,210568722,0,1",30002,41360383226e6f74,0:1|7757:4|8327:4|10347:4|15408:4|15514:4|16654:4|16760:4|17428:4|17998:4|18780:4|19350:4|20694:4|21821:4|27881:4|28902:4|29472:4|29591:4,524769;645460;140;36,1867497881869,7757,0.46570986363402767,-645460;524769;-36;140,1867497881869,7757,0.46570986363402767,15000.000366666662,0.5171333206922968,0.5171333206922968,1.0,1,1867497881869,1;1;1;1,80,0.005418600048869848,0.007116799941286445,nrd(element)/N(input ideal)=N(equivalent ideal),near-p prime-neighbor isotropic residue; not proven class-group uniform
102,0,33032028,245000047,28,7,247450051,3,114920157;122084673;226551713;101366793,61231527739902601,247450051,"247450051,0,0,0;0,247450051,0,0;8351921,100949701,1,0;146500350,8351921,0,1",31306,af5315d694ad4c26,0:1|8204:4|9337:4|9705:4|16408:4|17534:4|17548:4|17902:4|17916:4|18674:4|19035:4|19049:4|19410:4|25377:4|26481:4|29880:4,454235;1097114;-99;-18,2030080218404,8204,0.46655717308071865,-1097114;454235;18;-99,2030080218404,8204,0.46655717308071865,15652.477343858383,0.5241342836518483,0.5241342836518483,1.0,1,2030080218404,1;1;1;1,80,0.004423299920745194,0.005280800047330558,nrd(element)/N(input ideal)=N(equivalent ideal),near-p prime-neighbor isotropic residue; not proven class-group uniform
103,1,33032028,245000047,28,7,254800079,3,125972116;217266026;191756292;66462134,64923080258406241,254800079,"254800079,0,0,0;0,254800079,0,0;106715931,195230165,1,0;59569914,106715931,0,1",31306,5a4afa61c528abec,0:1|2190:4|4380:4|8760:4|10950:8|17520:4|19710:4|21900:8|28084:4|28470:8|29321:4|29946:4|30602:4|31183:4|31227:4,-55320;733978;16;-3,558012173010,2190,0.3981854749415032,-733978;-55320;3;16,558012173010,2190,0.3981854749415032,15652.477343858383,0.1399139543146694,0.1399139543146694,1.0,1,558012173010,1;1;0;0,8,0.004718600073829293,0.005618899944238365,nrd(element)/N(input ideal)=N(equivalent ideal),near-p prime-neighbor isotropic residue; not proven class-group uniform
104,2,33032028,245000047,28,7,259700057,1,98636734;216144931;113440147;215150506,67444119605803249,259700057,"259700057,0,0,0;0,259700057,0,0;23802706,114158840,1,0;145541217,23802706,0,1",31306,7015616cafc56792,0:1|7654:4|8629:4|12134:4|14879:4|15308:4|17258:4|17687:4|18384:4|19359:4|20432:4|21192:4|22167:4|24268:4|26682:4|27657:4|29490:4|29758:4|30465:4|30616:4|30947:4,-839682;-740707;105;31,1987744236278,7654,0.462964778651346,-839682;-740707;105;31,1987744236278,7654,0.462964778651346,15652.477343858383,0.48899607594725103,0.48899607594725103,1.0,1,1987744236278,1;1;0;0,8,0.00601240003015846,0.00808970001526177,nrd(element)/N(input ideal)=N(equivalent ideal),near-p prime-neighbor isotropic residue; not proven class-group uniform
105,3,33032028,245000047,28,7,245000057,1,13564408;82240369;147919794;28972673,60025027930003249,245000057,"245000057,0,0,0;0,245000057,0,0;155486773,134258924,1,0;110741133,155486773,0,1",31306,8eab7f46231b9db4,0:1|1681:4|3362:4|6724:4|8405:8|13448:4|15129:4|16810:8|21853:8|26896:4|28577:8|30258:4,-176032;-574363;24;-16,411845095817,1681,0.38449205188794106,-574363;176032;-16;-24,411845095817,1681,0.38449205188794106,15652.477343858383,0.10739514027532387,0.10739514027532387,1.0,1,411845095817,1;1;0;0,8,0.00432179996278137,0.005143000045791268,nrd(element)/N(input ideal)=N(equivalent ideal),near-p prime-neighbor isotropic residue; not proven class-group uniform
106,4,33032028,245000047,28,7,257250053,1,116868636;229922698;9863460;12216634,66177589768502809,257250053,"257250053,0,0,0;0,257250053,0,0;74143555,38404360,1,0;218845693,74143555,0,1",31306,04a2ac7a72d8f4a9,0:1|5712:4|11202:4|11424:4|14134:4|15121:4|18053:4|18707:4|19694:4|21639:4|22404:4|22848:4|23543:4|23613:4|27129:4|27199:4|28268:4|28490:4|28560:8|29103:4|30242:4|30464:4,838462;-104041;-76;81,1469412302736,5712,0.44781425515712137,-838462;104041;76;-81,1469412302736,5712,0.44781425515712137,15652.477343858383,0.3649262589248364,0.3649262589248364,1.0,1,1469412302736,1;1;0;0,8,0.005732899997383356,0.005410199984908104,nrd(element)/N(input ideal)=N(equivalent ideal),near-p prime-neighbor isotropic residue; not proven class-group uniform
107,5,33032028,245000047,28,7,247450051,3,208921464;129991274;199068213;176130077,61231527739902601,247450051,"247450051,0,0,0;0,247450051,0,0;116666537,140829193,1,0;106620858,116666537,0,1",31306,0014ebdef589335d,0:1|4824:4|9648:4|14022:4|14845:4|15754:4|16577:4|19296:4|21938:4|22761:4|22847:4|24120:8|24579:4|25316:4|25775:4|27048:4|27134:4|27957:4|28044:4|29690:4|30763:4,995594;-2149;56;13,1193699046024,4824,0.43906715226640197,-995594;2149;-56;-13,1193699046024,4824,0.43906715226640197,15652.477343858383,0.3081940253945047,0.3081940253945047,1.0,1,1193699046024,1;1;0;0,8,0.004621500032953918,0.005711799953132868,nrd(element)/N(input ideal)=N(equivalent ideal),near-p prime-neighbor isotropic residue; not proven class-group uniform
