half_bits,trial,seed,order,order_bits,d,quotient,primitive_root,secret,recovered,verified,stage1_width,stage2_width,stage1_probes,stage2_probes,scalar_multiplications,group_operations,normalized_group_operations,theory_shape,elapsed_seconds
8,0,2303,70913,17,256,277,3,15943,15943,True,17,16,16,9,57,1045,61.470588235294116,32.643316977093235,6.0999998822808266e-05
8,1,2303,70913,17,256,277,3,7689,7689,True,17,16,14,7,53,963,56.64705882352941,32.643316977093235,4.099996294826269e-05
8,2,2303,70913,17,256,277,3,36780,36780,True,17,16,4,11,47,895,52.64705882352941,32.643316977093235,4.569999873638153e-05
8,3,2303,70913,17,256,277,3,11738,11738,True,17,16,9,14,55,1035,60.88235294117647,32.643316977093235,3.579992335289717e-05
8,4,2303,70913,17,256,277,3,52301,52301,True,17,16,2,1,35,657,38.64705882352941,32.643316977093235,2.729997504502535e-05
8,5,2303,70913,17,256,277,3,40319,40319,True,17,16,12,2,46,840,49.411764705882355,32.643316977093235,3.130000550299883e-05
8,6,2303,70913,17,256,277,3,17763,17763,True,17,16,15,8,55,1008,59.294117647058826,32.643316977093235,3.529991954565048e-05
8,7,2303,70913,17,256,277,3,26855,26855,True,17,16,15,14,61,1136,66.82352941176471,32.643316977093235,3.879994619637728e-05
8,8,2303,70913,17,256,277,3,23630,23630,True,17,16,5,2,39,722,42.470588235294116,32.643316977093235,2.8999987989664078e-05
8,9,2303,70913,17,256,277,3,64307,64307,True,17,16,4,13,49,940,55.294117647058826,32.643316977093235,3.250001464039087e-05
8,10,2303,70913,17,256,277,3,15418,15418,True,17,16,3,15,50,960,56.470588235294116,32.643316977093235,3.250001464039087e-05
8,11,2303,70913,17,256,277,3,31815,31815,True,17,16,6,16,54,1028,60.470588235294116,32.643316977093235,3.4800032153725624e-05
8,12,2303,70913,17,256,277,3,4587,4587,True,17,16,5,3,40,742,43.64705882352941,32.643316977093235,6.170000415295362e-05
8,13,2303,70913,17,256,277,3,58032,58032,True,17,16,5,5,42,786,46.23529411764706,32.643316977093235,3.839994315057993e-05
8,14,2303,70913,17,256,277,3,43032,43032,True,17,16,14,11,57,1053,61.94117647058823,32.643316977093235,6.729993037879467e-05
8,15,2303,70913,17,256,277,3,68672,68672,True,17,16,13,13,58,1077,63.35294117647059,32.643316977093235,6.220000796020031e-05
8,16,2303,70913,17,256,277,3,66471,66471,True,17,16,16,3,51,915,53.8235294117647,32.643316977093235,4.029995761811733e-05
8,17,2303,70913,17,256,277,3,44135,44135,True,17,16,6,16,54,1029,60.529411764705884,32.643316977093235,3.450002986937761e-05
8,18,2303,70913,17,256,277,3,764,764,True,17,16,4,5,41,758,44.588235294117645,32.643316977093235,2.7799978852272034e-05
8,19,2303,70913,17,256,277,3,65618,65618,True,17,16,16,1,49,873,51.35294117647059,32.643316977093235,3.0499999411404133e-05
8,20,2303,70913,17,256,277,3,41578,41578,True,17,16,5,5,42,784,46.11764705882353,32.643316977093235,2.7499976567924023e-05
8,21,2303,70913,17,256,277,3,21598,21598,True,17,16,2,13,47,908,53.411764705882355,32.643316977093235,2.9099988751113415e-05
8,22,2303,70913,17,256,277,3,25522,25522,True,17,16,10,2,44,802,47.1764705882353,32.643316977093235,2.7999980375170708e-05
8,23,2303,70913,17,256,277,3,35321,35321,True,17,16,1,1,34,641,37.705882352941174,32.643316977093235,2.389994915574789e-05
8,24,2303,70913,17,256,277,3,6043,6043,True,17,16,1,7,40,764,44.94117647058823,32.643316977093235,2.629996743053198e-05
8,25,2303,70913,17,256,277,3,39639,39639,True,17,16,3,4,39,738,43.411764705882355,32.643316977093235,2.5799963623285294e-05
8,26,2303,70913,17,256,277,3,69527,69527,True,17,16,1,11,44,846,49.76470588235294,32.643316977093235,2.820009831339121e-05
8,27,2303,70913,17,256,277,3,58964,58964,True,17,16,2,7,41,778,45.76470588235294,32.643316977093235,2.6799971237778664e-05
8,28,2303,70913,17,256,277,3,48477,48477,True,17,16,16,3,51,925,54.411764705882355,32.643316977093235,3.0499999411404133e-05
8,29,2303,70913,17,256,277,3,64119,64119,True,17,16,2,12,46,894,52.588235294117645,32.643316977093235,2.920010592788458e-05
8,30,2303,70913,17,256,277,3,56740,56740,True,17,16,1,7,40,751,44.1764705882353,32.643316977093235,2.6499968953430653e-05
8,31,2303,70913,17,256,277,3,64210,64210,True,17,16,3,2,37,692,40.705882352941174,32.643316977093235,2.5099958293139935e-05
8,32,2303,70913,17,256,277,3,10184,10184,True,17,16,10,2,44,800,47.05882352941177,32.643316977093235,2.7699978090822697e-05
8,33,2303,70913,17,256,277,3,8090,8090,True,17,16,15,8,55,1009,59.35294117647059,32.643316977093235,3.130000550299883e-05
8,34,2303,70913,17,256,277,3,20930,20930,True,17,16,9,12,53,993,58.411764705882355,32.643316977093235,3.120000474154949e-05
8,35,2303,70913,17,256,277,3,35237,35237,True,17,16,15,14,61,1137,66.88235294117646,32.643316977093235,3.350002225488424e-05
8,36,2303,70913,17,256,277,3,6990,6990,True,17,16,3,7,42,797,46.88235294117647,32.643316977093235,2.6699970476329327e-05
8,37,2303,70913,17,256,277,3,891,891,True,17,16,4,4,40,744,43.76470588235294,32.643316977093235,2.559996210038662e-05
8,38,2303,70913,17,256,277,3,47533,47533,True,17,16,14,3,49,890,52.35294117647059,32.643316977093235,2.9399991035461426e-05
8,39,2303,70913,17,256,277,3,51191,51191,True,17,16,8,2,42,776,45.64705882352941,32.643316977093235,2.619996666908264e-05
8,40,2303,70913,17,256,277,3,9139,9139,True,17,16,6,10,48,906,53.294117647058826,32.643316977093235,2.8699985705316067e-05
10,0,2303,1051649,21,1024,1027,3,82997,82997,True,33,32,26,24,114,3354,159.71428571428572,64.04684071792414,6.240000948309898e-05
10,1,2303,1051649,21,1024,1027,3,666427,666427,True,33,32,28,14,106,3045,145.0,64.04684071792414,5.479995161294937e-05
10,2,2303,1051649,21,1024,1027,3,69664,69664,True,33,32,10,23,97,3024,144.0,64.04684071792414,5.0999922677874565e-05
10,3,2303,1051649,21,1024,1027,3,332243,332243,True,33,32,25,31,120,3581,170.52380952380952,64.04684071792414,5.8999983593821526e-05
10,4,2303,1051649,21,1024,1027,3,863243,863243,True,33,32,15,12,91,2742,130.57142857142858,64.04684071792414,4.800001624971628e-05
10,5,2303,1051649,21,1024,1027,3,80709,80709,True,33,32,32,3,99,2729,129.95238095238096,64.04684071792414,5.0999922677874565e-05
10,6,2303,1051649,21,1024,1027,3,342660,342660,True,33,32,27,29,120,3546,168.85714285714286,64.04684071792414,5.91999851167202e-05
10,7,2303,1051649,21,1024,1027,3,668864,668864,True,33,32,27,6,97,2744,130.66666666666666,64.04684071792414,5.019991658627987e-05
10,8,2303,1051649,21,1024,1027,3,660143,660143,True,33,32,17,2,83,2426,115.52380952380952,64.04684071792414,4.4899992644786835e-05
10,9,2303,1051649,21,1024,1027,3,209901,209901,True,33,32,28,18,110,3187,151.76190476190476,64.04684071792414,6.260001100599766e-05
10,10,2303,1051649,21,1024,1027,3,51400,51400,True,33,32,27,22,113,3301,157.1904761904762,64.04684071792414,5.579995922744274e-05
10,11,2303,1051649,21,1024,1027,3,162669,162669,True,33,32,21,26,111,3335,158.8095238095238,64.04684071792414,5.45999500900507e-05
10,12,2303,1051649,21,1024,1027,3,293164,293164,True,33,32,4,13,81,2577,122.71428571428571,64.04684071792414,4.429998807609081e-05
10,13,2303,1051649,21,1024,1027,3,744234,744234,True,33,32,29,24,117,3415,162.61904761904762,64.04684071792414,5.759997293353081e-05
10,14,2303,1051649,21,1024,1027,3,987266,987266,True,33,32,9,11,84,2601,123.85714285714286,64.04684071792414,4.549999721348286e-05
10,15,2303,1051649,21,1024,1027,3,907841,907841,True,33,32,6,16,86,2719,129.47619047619048,64.04684071792414,4.5599997974932194e-05
10,16,2303,1051649,21,1024,1027,3,151080,151080,True,33,32,27,20,111,3236,154.0952380952381,64.04684071792414,6.230000872164965e-05
10,17,2303,1051649,21,1024,1027,3,1002211,1002211,True,33,32,3,22,89,2883,137.28571428571428,64.04684071792414,4.710000939667225e-05
10,18,2303,1051649,21,1024,1027,3,283392,283392,True,33,32,11,28,103,3224,153.52380952380952,64.04684071792414,5.219993181526661e-05
10,19,2303,1051649,21,1024,1027,3,585962,585962,True,33,32,30,18,112,3222,153.42857142857142,64.04684071792414,5.609996151179075e-05
10,20,2303,1051649,21,1024,1027,3,149122,149122,True,33,32,5,25,94,3011,143.38095238095238,64.04684071792414,4.889990668743849e-05
10,21,2303,1051649,21,1024,1027,3,737635,737635,True,33,32,7,6,77,2393,113.95238095238095,64.04684071792414,4.269997589290142e-05
10,22,2303,1051649,21,1024,1027,3,449508,449508,True,33,32,3,21,88,2841,135.28571428571428,64.04684071792414,4.67000063508749e-05
10,23,2303,1051649,21,1024,1027,3,860175,860175,True,33,32,8,4,76,2320,110.47619047619048,64.04684071792414,4.1899969801306725e-05
10,24,2303,1051649,21,1024,1027,3,801022,801022,True,33,32,10,28,102,3215,153.0952380952381,64.04684071792414,5.18999295309186e-05
10,25,2303,1051649,21,1024,1027,3,950656,950656,True,33,32,25,16,105,3059,145.66666666666666,64.04684071792414,5.2699935622513294e-05
10,26,2303,1051649,21,1024,1027,3,608448,608448,True,33,32,27,32,123,3654,174.0,64.04684071792414,6.750004831701517e-05
10,27,2303,1051649,21,1024,1027,3,687791,687791,True,33,32,3,27,94,3055,145.47619047619048,64.04684071792414,4.980002995580435e-05
10,28,2303,1051649,21,1024,1027,3,748378,748378,True,33,32,28,18,110,3180,151.42857142857142,64.04684071792414,5.550007335841656e-05
10,29,2303,1051649,21,1024,1027,3,97055,97055,True,33,32,13,25,102,3150,150.0,64.04684071792414,5.13000413775444e-05
10,30,2303,1051649,21,1024,1027,3,257522,257522,True,33,32,12,2,78,2331,111.0,64.04684071792414,4.279997665435076e-05
10,31,2303,1051649,21,1024,1027,3,765606,765606,True,33,32,14,25,103,3181,151.47619047619048,64.04684071792414,5.279993638396263e-05
10,32,2303,1051649,21,1024,1027,3,798011,798011,True,33,32,4,3,71,2228,106.0952380952381,64.04684071792414,4.029995761811733e-05
10,33,2303,1051649,21,1024,1027,3,110127,110127,True,33,32,17,23,104,3158,150.38095238095238,64.04684071792414,5.2299932576715946e-05
10,34,2303,1051649,21,1024,1027,3,231414,231414,True,33,32,6,32,102,3280,156.1904761904762,64.04684071792414,5.1299924962222576e-05
10,35,2303,1051649,21,1024,1027,3,832566,832566,True,33,32,25,25,114,3375,160.71428571428572,64.04684071792414,5.5699958465993404e-05
10,36,2303,1051649,21,1024,1027,3,361027,361027,True,33,32,11,4,79,2384,113.52380952380952,64.04684071792414,4.309997893869877e-05
10,37,2303,1051649,21,1024,1027,3,177988,177988,True,33,32,31,16,111,3162,150.57142857142858,64.04684071792414,5.510007031261921e-05
10,38,2303,1051649,21,1024,1027,3,810440,810440,True,33,32,11,17,92,2842,135.33333333333334,64.04684071792414,4.830001853406429e-05
10,39,2303,1051649,21,1024,1027,3,240670,240670,True,33,32,10,25,99,3110,148.0952380952381,64.04684071792414,5.0299917347729206e-05
10,40,2303,1051649,21,1024,1027,3,129978,129978,True,33,32,28,29,121,3559,169.47619047619048,64.04684071792414,5.8399979025125504e-05
12,0,2303,16863233,25,4096,4117,3,1715120,1715120,True,65,64,14,63,205,7022,280.88,128.16385275215322,0.0002674000570550561
12,1,2303,16863233,25,4096,4117,3,11533207,11533207,True,65,64,48,19,195,6674,266.96,128.16385275215322,9.350001346319914e-05
12,2,2303,16863233,25,4096,4117,3,15793015,15793015,True,65,64,21,8,157,5303,212.12,128.16385275215322,7.619999814778566e-05
12,3,2303,16863233,25,4096,4117,3,15304168,15304168,True,65,64,14,44,186,6343,253.72,128.16385275215322,8.759996853768826e-05
12,4,2303,16863233,25,4096,4117,3,13443856,13443856,True,65,64,35,22,185,6304,252.16,128.16385275215322,8.540006820112467e-05
12,5,2303,16863233,25,4096,4117,3,10656761,10656761,True,65,64,26,34,188,6413,256.52,128.16385275215322,8.699996396899223e-05
12,6,2303,16863233,25,4096,4117,3,1450716,1450716,True,65,64,13,4,145,4864,194.56,128.16385275215322,7.08999577909708e-05
12,7,2303,16863233,25,4096,4117,3,7135440,7135440,True,65,64,9,55,192,6556,262.24,128.16385275215322,8.739996701478958e-05
12,8,2303,16863233,25,4096,4117,3,15496370,15496370,True,65,64,32,59,219,7526,301.04,128.16385275215322,9.69000393524766e-05
12,9,2303,16863233,25,4096,4117,3,10636680,10636680,True,65,64,62,15,205,7021,280.84,128.16385275215322,9.200000204145908e-05
12,10,2303,16863233,25,4096,4117,3,9918842,9918842,True,65,64,51,41,220,7555,302.2,128.16385275215322,9.789993055164814e-05
12,11,2303,16863233,25,4096,4117,3,14984186,14984186,True,65,64,9,48,185,6306,252.24,128.16385275215322,8.459994569420815e-05
12,12,2303,16863233,25,4096,4117,3,5842019,5842019,True,65,64,21,26,175,5938,237.52,128.16385275215322,8.079991675913334e-05
12,13,2303,16863233,25,4096,4117,3,15592306,15592306,True,65,64,44,47,219,7536,301.44,128.16385275215322,9.740004315972328e-05
12,14,2303,16863233,25,4096,4117,3,7962295,7962295,True,65,64,15,63,206,7067,282.68,128.16385275215322,9.510002564638853e-05
12,15,2303,16863233,25,4096,4117,3,10079067,10079067,True,65,64,13,15,156,5266,210.64,128.16385275215322,7.730000652372837e-05
12,16,2303,16863233,25,4096,4117,3,7940025,7940025,True,65,64,24,18,170,5764,230.56,128.16385275215322,8.059991523623466e-05
12,17,2303,16863233,25,4096,4117,3,530739,530739,True,65,64,16,37,181,6157,246.28,128.16385275215322,8.439994417130947e-05
12,18,2303,16863233,25,4096,4117,3,2098725,2098725,True,65,64,2,38,168,5680,227.2,128.16385275215322,7.849989924579859e-05
12,19,2303,16863233,25,4096,4117,3,13648783,13648783,True,65,64,44,6,178,6051,242.04,128.16385275215322,8.220004383474588e-05
12,20,2303,16863233,25,4096,4117,3,5761392,5761392,True,65,64,33,52,213,7313,292.52,128.16385275215322,9.85999358817935e-05
12,21,2303,16863233,25,4096,4117,3,15415818,15415818,True,65,64,11,21,160,5409,216.36,128.16385275215322,7.529999129474163e-05
12,22,2303,16863233,25,4096,4117,3,4135709,4135709,True,65,64,25,21,174,5907,236.28,128.16385275215322,8.71000811457634e-05
12,23,2303,16863233,25,4096,4117,3,2854985,2854985,True,65,64,47,22,197,6732,269.28,128.16385275215322,8.929998148232698e-05
12,24,2303,16863233,25,4096,4117,3,1803890,1803890,True,65,64,13,52,193,6595,263.8,128.16385275215322,8.909997995942831e-05
12,25,2303,16863233,25,4096,4117,3,5557290,5557290,True,65,64,8,40,176,5977,239.08,128.16385275215322,8.949998300522566e-05
12,26,2303,16863233,25,4096,4117,3,5570927,5570927,True,65,64,39,5,172,5825,233.0,128.16385275215322,8.010002784430981e-05
12,27,2303,16863233,25,4096,4117,3,5294424,5294424,True,65,64,32,48,208,7129,285.16,128.16385275215322,9.300000965595245e-05
12,28,2303,16863233,25,4096,4117,3,16728680,16728680,True,65,64,4,18,150,5052,202.08,128.16385275215322,7.200008258223534e-05
12,29,2303,16863233,25,4096,4117,3,5831925,5831925,True,65,64,55,34,217,7461,298.44,128.16385275215322,9.570003021508455e-05
12,30,2303,16863233,25,4096,4117,3,12418160,12418160,True,65,64,1,3,132,4402,176.08,128.16385275215322,6.480002775788307e-05
12,31,2303,16863233,25,4096,4117,3,11135666,11135666,True,65,64,22,19,169,5734,229.36,128.16385275215322,7.880001794546843e-05
12,32,2303,16863233,25,4096,4117,3,15929760,15929760,True,65,64,50,64,242,8352,334.08,128.16385275215322,0.00010609999299049377
12,33,2303,16863233,25,4096,4117,3,13614670,13614670,True,65,64,54,41,223,7678,307.12,128.16385275215322,9.820004925131798e-05
12,34,2303,16863233,25,4096,4117,3,3641944,3641944,True,65,64,16,1,145,4860,194.4,128.16385275215322,7.010006811469793e-05
12,35,2303,16863233,25,4096,4117,3,4471743,4471743,True,65,64,14,38,180,6128,245.12,128.16385275215322,8.25000461190939e-05
12,36,2303,16863233,25,4096,4117,3,9889366,9889366,True,65,64,45,34,207,7093,283.72,128.16385275215322,9.26000066101551e-05
12,37,2303,16863233,25,4096,4117,3,16691828,16691828,True,65,64,41,2,171,5804,232.16,128.16385275215322,7.960002403706312e-05
12,38,2303,16863233,25,4096,4117,3,13311807,13311807,True,65,64,62,5,195,6671,266.84,128.16385275215322,8.859997615218163e-05
12,39,2303,16863233,25,4096,4117,3,3464444,3464444,True,65,64,7,50,185,6304,252.16,128.16385275215322,8.460006210952997e-05
12,40,2303,16863233,25,4096,4117,3,10293597,10293597,True,65,64,56,56,240,8287,331.48,128.16385275215322,0.00010459998156875372
14,0,2303,268582913,29,16384,16393,3,98189803,98189803,True,129,128,48,80,384,15716,541.9310344827586,256.03515142334936,0.00016980001237243414
14,1,2303,268582913,29,16384,16393,3,46195125,46195125,True,129,128,25,15,296,11942,411.7931034482759,256.03515142334936,0.00013049994595348835
14,2,2303,268582913,29,16384,16393,3,104808162,104808162,True,129,128,72,2,330,13519,466.17241379310343,256.03515142334936,0.0001425000373274088
14,3,2303,268582913,29,16384,16393,3,265246587,265246587,True,129,128,90,104,450,18618,642.0,256.03515142334936,0.00018540001474320889
14,4,2303,268582913,29,16384,16393,3,95504367,95504367,True,129,128,61,29,346,14160,488.2758620689655,256.03515142334936,0.00014809996355324984
14,5,2303,268582913,29,16384,16393,3,27054324,27054324,True,129,128,74,2,332,13605,469.13793103448273,256.03515142334936,0.00014269992243498564
14,6,2303,268582913,29,16384,16393,3,242626364,242626364,True,129,128,68,60,384,15779,544.1034482758621,256.03515142334936,0.00016179995145648718
14,7,2303,268582913,29,16384,16393,3,211276011,211276011,True,129,128,86,122,464,19192,661.7931034482758,256.03515142334936,0.0001919999485835433
14,8,2303,268582913,29,16384,16393,3,263469290,263469290,True,129,128,31,18,305,12347,425.7586206896552,256.03515142334936,0.00013320008292794228
14,9,2303,268582913,29,16384,16393,3,119859663,119859663,True,129,128,72,97,425,17516,604.0,256.03515142334936,0.00017640006262809038
14,10,2303,268582913,29,16384,16393,3,263931949,263931949,True,129,128,33,117,406,16597,572.3103448275862,256.03515142334936,0.00017060001846402884
14,11,2303,268582913,29,16384,16393,3,58634803,58634803,True,129,128,47,100,403,16509,569.2758620689655,256.03515142334936,0.00020380003843456507
14,12,2303,268582913,29,16384,16393,3,50375155,50375155,True,129,128,19,35,310,12511,431.41379310344826,256.03515142334936,0.00015320000238716602
14,13,2303,268582913,29,16384,16393,3,208303172,208303172,True,129,128,111,13,380,15732,542.4827586206897,256.03515142334936,0.00016550009604543447
14,14,2303,268582913,29,16384,16393,3,178440035,178440035,True,129,128,57,69,382,15660,540.0,256.03515142334936,0.00016389996744692326
14,15,2303,268582913,29,16384,16393,3,81751244,81751244,True,129,128,3,41,300,12049,415.48275862068965,256.03515142334936,0.00013240007683634758
14,16,2303,268582913,29,16384,16393,3,86156370,86156370,True,129,128,106,85,447,18529,638.9310344827586,256.03515142334936,0.0001873000292107463
14,17,2303,268582913,29,16384,16393,3,60231666,60231666,True,129,128,59,64,379,15537,535.7586206896551,256.03515142334936,0.00016210007015615702
14,18,2303,268582913,29,16384,16393,3,132854971,132854971,True,129,128,86,121,463,19156,660.551724137931,256.03515142334936,0.00019120005890727043
14,19,2303,268582913,29,16384,16393,3,92726933,92726933,True,129,128,92,99,447,18489,637.551724137931,256.03515142334936,0.0001852000132203102
14,20,2303,268582913,29,16384,16393,3,225644627,225644627,True,129,128,72,121,449,18516,638.4827586206897,256.03515142334936,0.00018720002844929695
14,21,2303,268582913,29,16384,16393,3,37534642,37534642,True,129,128,83,121,460,19017,655.7586206896551,256.03515142334936,0.00019589997828006744
14,22,2303,268582913,29,16384,16393,3,277697,277697,True,129,128,6,124,386,15659,539.9655172413793,256.03515142334936,0.00016259995754808187
14,23,2303,268582913,29,16384,16393,3,33709849,33709849,True,129,128,110,53,419,17364,598.7586206896551,256.03515142334936,0.00017360004130750895
14,24,2303,268582913,29,16384,16393,3,40439401,40439401,True,129,128,19,86,361,14661,505.55172413793105,256.03515142334936,0.00015109998639672995
14,25,2303,268582913,29,16384,16393,3,148623072,148623072,True,129,128,9,117,382,15511,534.8620689655172,256.03515142334936,0.0001569000305607915
14,26,2303,268582913,29,16384,16393,3,138536324,138536324,True,129,128,11,81,348,14084,485.6551724137931,256.03515142334936,0.0001455999445170164
14,27,2303,268582913,29,16384,16393,3,51781222,51781222,True,129,128,58,3,317,12921,445.55172413793105,256.03515142334936,0.00013399997260421515
14,28,2303,268582913,29,16384,16393,3,5342756,5342756,True,129,128,33,69,358,14561,502.1034482758621,256.03515142334936,0.0001490000868216157
14,29,2303,268582913,29,16384,16393,3,140440585,140440585,True,129,128,45,73,374,15287,527.1379310344828,256.03515142334936,0.00015550001990050077
14,30,2303,268582913,29,16384,16393,3,106600269,106600269,True,129,128,124,47,427,17749,612.0344827586207,256.03515142334936,0.00017580005805939436
14,31,2303,268582913,29,16384,16393,3,17247475,17247475,True,129,128,10,21,287,11520,397.2413793103448,256.03515142334936,0.00013209995813667774
14,32,2303,268582913,29,16384,16393,3,126349523,126349523,True,129,128,59,124,439,18053,622.5172413793103,256.03515142334936,0.00018179998733103275
14,33,2303,268582913,29,16384,16393,3,12726733,12726733,True,129,128,69,58,383,15727,542.3103448275862,256.03515142334936,0.00016020005568861961
14,34,2303,268582913,29,16384,16393,3,113777556,113777556,True,129,128,33,110,399,16297,561.9655172413793,256.03515142334936,0.00021059997379779816
14,35,2303,268582913,29,16384,16393,3,156387006,156387006,True,129,128,109,109,474,19678,678.551724137931,256.03515142334936,0.00022190005984157324
14,36,2303,268582913,29,16384,16393,3,266497843,266497843,True,129,128,84,91,431,17797,613.6896551724138,256.03515142334936,0.00017820007633417845
14,37,2303,268582913,29,16384,16393,3,191433056,191433056,True,129,128,15,87,358,14522,500.7586206896552,256.03515142334936,0.00015209999401122332
14,38,2303,268582913,29,16384,16393,3,131268063,131268063,True,129,128,43,95,394,16127,556.1034482758621,256.03515142334936,0.00016750011127442122
14,39,2303,268582913,29,16384,16393,3,220205728,220205728,True,129,128,109,61,426,17655,608.7931034482758,256.03515142334936,0.00017769995611160994
14,40,2303,268582913,29,16384,16393,3,212892464,212892464,True,129,128,121,84,461,19161,660.7241379310345,256.03515142334936,0.00018889992497861385
16,0,2303,4295294977,33,65536,65541,5,1658436399,1658436399,True,257,256,180,47,739,34334,1040.4242424242425,512.0097654387425,0.0003980000037699938
16,1,2303,4295294977,33,65536,65541,5,415073219,415073219,True,257,256,136,119,767,35728,1082.6666666666667,512.0097654387425,0.00046330003533512354
16,2,2303,4295294977,33,65536,65541,5,179045087,179045087,True,257,256,34,255,801,37523,1137.060606060606,512.0097654387425,0.000511299935169518
16,3,2303,4295294977,33,65536,65541,5,4272010602,4272010602,True,257,256,213,13,738,34220,1036.969696969697,512.0097654387425,0.00039489998016506433
16,4,2303,4295294977,33,65536,65541,5,2791724328,2791724328,True,257,256,123,92,727,33879,1026.6363636363637,512.0097654387425,0.00037560006603598595
16,5,2303,4295294977,33,65536,65541,5,1646389047,1646389047,True,257,256,75,58,645,30121,912.7575757575758,512.0097654387425,0.00033820001408457756
16,6,2303,4295294977,33,65536,65541,5,279309792,279309792,True,257,256,73,135,720,33643,1019.4848484848485,512.0097654387425,0.0003695000195875764
16,7,2303,4295294977,33,65536,65541,5,3724131953,3724131953,True,257,256,94,103,709,33094,1002.8484848484849,512.0097654387425,0.0003616000758484006
16,8,2303,4295294977,33,65536,65541,5,1397084331,1397084331,True,257,256,197,110,819,38049,1153.0,512.0097654387425,0.00041450001299381256
16,9,2303,4295294977,33,65536,65541,5,3318044717,3318044717,True,257,256,200,126,838,38943,1180.090909090909,512.0097654387425,0.000422299955971539
16,10,2303,4295294977,33,65536,65541,5,2779419778,2779419778,True,257,256,148,62,722,33590,1017.8787878787879,512.0097654387425,0.000367900007404387
16,11,2303,4295294977,33,65536,65541,5,3566385284,3566385284,True,257,256,122,134,768,35806,1085.030303030303,512.0097654387425,0.0003866000333800912
16,12,2303,4295294977,33,65536,65541,5,1654724224,1654724224,True,257,256,24,11,547,25606,775.939393939394,512.0097654387425,0.00028659997042268515
16,13,2303,4295294977,33,65536,65541,5,3546722577,3546722577,True,257,256,9,190,711,33355,1010.7575757575758,512.0097654387425,0.00036239996552467346
16,14,2303,4295294977,33,65536,65541,5,976599030,976599030,True,257,256,134,200,846,39448,1195.3939393939395,512.0097654387425,0.000421999953687191
16,15,2303,4295294977,33,65536,65541,5,1420366819,1420366819,True,257,256,85,55,652,30428,922.060606060606,512.0097654387425,0.00033829989843070507
16,16,2303,4295294977,33,65536,65541,5,1424835164,1424835164,True,257,256,13,24,549,25730,779.6969696969697,512.0097654387425,0.00028490007389336824
16,17,2303,4295294977,33,65536,65541,5,3298003171,3298003171,True,257,256,230,66,808,37470,1135.4545454545455,512.0097654387425,0.00040580006316304207
16,18,2303,4295294977,33,65536,65541,5,2122843022,2122843022,True,257,256,122,145,779,36324,1100.7272727272727,512.0097654387425,0.0003918000729754567
16,19,2303,4295294977,33,65536,65541,5,127552438,127552438,True,257,256,216,2,730,33827,1025.060606060606,512.0097654387425,0.00037700007669627666
16,20,2303,4295294977,33,65536,65541,5,1789484102,1789484102,True,257,256,6,37,555,26028,788.7272727272727,512.0097654387425,0.00028989999555051327
16,21,2303,4295294977,33,65536,65541,5,3672695561,3672695561,True,257,256,65,247,824,38548,1168.121212121212,512.0097654387425,0.0004365000640973449
16,22,2303,4295294977,33,65536,65541,5,4070875898,4070875898,True,257,256,20,91,623,29194,884.6666666666666,512.0097654387425,0.0003497999859973788
16,23,2303,4295294977,33,65536,65541,5,3426755913,3426755913,True,257,256,67,132,711,33232,1007.030303030303,512.0097654387425,0.00035989994648844004
16,24,2303,4295294977,33,65536,65541,5,2960932099,2960932099,True,257,256,190,176,878,40842,1237.6363636363637,512.0097654387425,0.00043869996443390846
16,25,2303,4295294977,33,65536,65541,5,3765084867,3765084867,True,257,256,25,144,681,31916,967.1515151515151,512.0097654387425,0.00036689999978989363
16,26,2303,4295294977,33,65536,65541,5,1322287802,1322287802,True,257,256,172,68,752,34955,1059.2424242424242,512.0097654387425,0.00037759996484965086
16,27,2303,4295294977,33,65536,65541,5,2941382299,2941382299,True,257,256,64,189,765,35791,1084.5757575757575,512.0097654387425,0.000380899989977479
16,28,2303,4295294977,33,65536,65541,5,4179436977,4179436977,True,257,256,48,39,599,28020,849.0909090909091,512.0097654387425,0.00030890002381056547
16,29,2303,4295294977,33,65536,65541,5,3196412680,3196412680,True,257,256,76,39,627,29275,887.1212121212121,512.0097654387425,0.0003239000216126442
16,30,2303,4295294977,33,65536,65541,5,1002227875,1002227875,True,257,256,230,256,998,46406,1406.2424242424242,512.0097654387425,0.0004899000050500035
16,31,2303,4295294977,33,65536,65541,5,2954358039,2954358039,True,257,256,154,204,870,40540,1228.4848484848485,512.0097654387425,0.00043889996595680714
16,32,2303,4295294977,33,65536,65541,5,2711972527,2711972527,True,257,256,201,2,715,33160,1004.8484848484849,512.0097654387425,0.0003635999746620655
16,33,2303,4295294977,33,65536,65541,5,792192681,792192681,True,257,256,188,173,873,40613,1230.6969696969697,512.0097654387425,0.00043640006333589554
16,34,2303,4295294977,33,65536,65541,5,1987749587,1987749587,True,257,256,232,35,779,36104,1094.060606060606,512.0097654387425,0.0003931000828742981
16,35,2303,4295294977,33,65536,65541,5,12604586,12604586,True,257,256,161,246,919,42808,1297.2121212121212,512.0097654387425,0.0004539000801742077
16,36,2303,4295294977,33,65536,65541,5,452281950,452281950,True,257,256,246,217,975,45282,1372.1818181818182,512.0097654387425,0.00048020004760473967
16,37,2303,4295294977,33,65536,65541,5,1127506338,1127506338,True,257,256,162,168,842,39204,1188.0,512.0097654387425,0.00041990005411207676
16,38,2303,4295294977,33,65536,65541,5,3518030262,3518030262,True,257,256,221,102,835,38760,1174.5454545454545,512.0097654387425,0.000422299955971539
16,39,2303,4295294977,33,65536,65541,5,2992513691,2992513691,True,257,256,188,55,755,35060,1062.4242424242425,512.0097654387425,0.0006469999207183719
16,40,2303,4295294977,33,65536,65541,5,522840828,522840828,True,257,256,76,127,715,33412,1012.4848484848485,512.0097654387425,0.0006565999938175082
18,0,2303,68731273217,37,262144,262189,3,10263790940,10263790940,True,513,512,235,110,1369,71211,1924.6216216216217,1024.0439434267337,0.0011727999662980437
18,1,2303,68731273217,37,262144,262189,3,31207963888,31207963888,True,513,512,105,139,1268,65427,1768.2972972972973,1024.0439434267337,0.001068499987013638
18,2,2303,68731273217,37,262144,262189,3,33622262880,33622262880,True,513,512,469,74,1567,82534,2230.6486486486488,1024.0439434267337,0.001304800040088594
18,3,2303,68731273217,37,262144,262189,3,35625503615,35625503615,True,513,512,485,429,1938,103335,2792.837837837838,1024.0439434267337,0.001569500076584518
18,4,2303,68731273217,37,262144,262189,3,13102076486,13102076486,True,513,512,12,47,1083,54979,1485.918918918919,1024.0439434267337,0.0009138000896200538
18,5,2303,68731273217,37,262144,262189,3,50853627196,50853627196,True,513,512,408,242,1674,88470,2391.0810810810813,1024.0439434267337,0.0013792000245302916
18,6,2303,68731273217,37,262144,262189,3,27186280215,27186280215,True,513,512,447,95,1566,82458,2228.5945945945946,1024.0439434267337,0.0012877999106422067
18,7,2303,68731273217,37,262144,262189,3,443672773,443672773,True,513,512,138,7,1169,59907,1619.1081081081081,1024.0439434267337,0.0006371000781655312
18,8,2303,68731273217,37,262144,262189,3,42689469894,42689469894,True,513,512,39,424,1487,77631,2098.135135135135,1024.0439434267337,0.0007323999889194965
18,9,2303,68731273217,37,262144,262189,3,17077124157,17077124157,True,513,512,131,493,1648,86739,2344.2972972972975,1024.0439434267337,0.0007993000326678157
18,10,2303,68731273217,37,262144,262189,3,56144741305,56144741305,True,513,512,70,398,1492,77937,2106.4054054054054,1024.0439434267337,0.0007341000018641353
18,11,2303,68731273217,37,262144,262189,3,12171717826,12171717826,True,513,512,269,242,1535,80547,2176.945945945946,1024.0439434267337,0.0007625999860465527
18,12,2303,68731273217,37,262144,262189,3,41778146821,41778146821,True,513,512,300,10,1334,69326,1873.6756756756756,1024.0439434267337,0.0006525000790134072
18,13,2303,68731273217,37,262144,262189,3,50942782078,50942782078,True,513,512,265,482,1771,93763,2534.135135135135,1024.0439434267337,0.0009003001032397151
18,14,2303,68731273217,37,262144,262189,3,9002400284,9002400284,True,513,512,337,332,1693,89452,2417.6216216216217,1024.0439434267337,0.000813000020571053
18,15,2303,68731273217,37,262144,262189,3,27997505712,27997505712,True,513,512,308,31,1363,70948,1917.5135135135135,1024.0439434267337,0.0006636000471189618
18,16,2303,68731273217,37,262144,262189,3,34070521815,34070521815,True,513,512,426,315,1765,93591,2529.4864864864867,1024.0439434267337,0.0008518999675288796
18,17,2303,68731273217,37,262144,262189,3,39059348152,39059348152,True,513,512,487,434,1945,103724,2803.3513513513512,1024.0439434267337,0.0009425999596714973
18,18,2303,68731273217,37,262144,262189,3,2576133512,2576133512,True,513,512,136,21,1181,60585,1637.4324324324325,1024.0439434267337,0.0005837000207975507
18,19,2303,68731273217,37,262144,262189,3,18211784067,18211784067,True,513,512,158,1,1183,60727,1641.2702702702702,1024.0439434267337,0.000578500097617507
18,20,2303,68731273217,37,262144,262189,3,9622730211,9622730211,True,513,512,225,303,1552,81450,2201.3513513513512,1024.0439434267337,0.000758600072003901
18,21,2303,68731273217,37,262144,262189,3,9550147661,9550147661,True,513,512,188,340,1552,81418,2200.4864864864867,1024.0439434267337,0.0007566000567749143
18,22,2303,68731273217,37,262144,262189,3,52979918476,52979918476,True,513,512,32,402,1458,75998,2054.0,1024.0439434267337,0.0007070000283420086
18,23,2303,68731273217,37,262144,262189,3,45691616780,45691616780,True,513,512,277,348,1649,86939,2349.7027027027025,1024.0439434267337,0.0007984000258147717
18,24,2303,68731273217,37,262144,262189,3,62005702081,62005702081,True,513,512,373,83,1480,77574,2096.5945945945946,1024.0439434267337,0.0007204000139608979
18,25,2303,68731273217,37,262144,262189,3,11061159348,11061159348,True,513,512,286,7,1317,68358,1847.5135135135135,1024.0439434267337,0.0006455000257119536
18,26,2303,68731273217,37,262144,262189,3,36033505646,36033505646,True,513,512,119,502,1645,86552,2339.2432432432433,1024.0439434267337,0.001165800029411912
18,27,2303,68731273217,37,262144,262189,3,4041719685,4041719685,True,513,512,488,367,1879,100031,2703.5405405405404,1024.0439434267337,0.0009091000538319349
18,28,2303,68731273217,37,262144,262189,3,29049856147,29049856147,True,513,512,255,502,1781,94302,2548.7027027027025,1024.0439434267337,0.0008607000345364213
18,29,2303,68731273217,37,262144,262189,3,33044278505,33044278505,True,513,512,256,226,1506,78910,2132.7027027027025,1024.0439434267337,0.0007272000657394528
18,30,2303,68731273217,37,262144,262189,3,34584746580,34584746580,True,513,512,48,412,1484,77465,2093.6486486486488,1024.0439434267337,0.0007123000686988235
18,31,2303,68731273217,37,262144,262189,3,41374797789,41374797789,True,513,512,303,393,1720,90937,2457.7567567567567,1024.0439434267337,0.0008226999780163169
18,32,2303,68731273217,37,262144,262189,3,45949131950,45949131950,True,513,512,330,483,1837,97519,2635.6486486486488,1024.0439434267337,0.0009293999755755067
18,33,2303,68731273217,37,262144,262189,3,26818737775,26818737775,True,513,512,197,498,1719,90785,2453.6486486486488,1024.0439434267337,0.0009036000119522214
18,34,2303,68731273217,37,262144,262189,3,28674827361,28674827361,True,513,512,207,229,1460,76285,2061.7567567567567,1024.0439434267337,0.0007037000032141805
18,35,2303,68731273217,37,262144,262189,3,67998006503,67998006503,True,513,512,124,441,1589,83434,2254.972972972973,1024.0439434267337,0.000763299991376698
18,36,2303,68731273217,37,262144,262189,3,35940194861,35940194861,True,513,512,112,58,1194,61299,1656.7297297297298,1024.0439434267337,0.0005840000230818987
18,37,2303,68731273217,37,262144,262189,3,67304568512,67304568512,True,513,512,449,371,1844,98029,2649.4324324324325,1024.0439434267337,0.0008856999920681119
18,38,2303,68731273217,37,262144,262189,3,63693865695,63693865695,True,513,512,182,164,1370,71223,1924.945945945946,1024.0439434267337,0.0006763000274077058
18,39,2303,68731273217,37,262144,262189,3,11168498600,11168498600,True,513,512,371,75,1470,77007,2081.2702702702704,1024.0439434267337,0.000712099950760603
18,40,2303,68731273217,37,262144,262189,3,54661844653,54661844653,True,513,512,446,373,1843,97972,2647.891891891892,1024.0439434267337,0.0008952999487519264
20,0,2303,1099516870657,41,1048576,1048581,10,163303189870,163303189870,True,1025,1024,270,684,3002,173331,4227.585365853659,2048.0024414033396,0.0014503999846056104
20,1,2303,1099516870657,41,1048576,1048581,10,172659312633,172659312633,True,1025,1024,453,724,3225,185489,4524.121951219512,2048.0024414033396,0.001543200109153986
20,2,2303,1099516870657,41,1048576,1048581,10,929434672673,929434672673,True,1025,1024,718,772,3538,202538,4939.951219512195,2048.0024414033396,0.0016703000292181969
20,3,2303,1099516870657,41,1048576,1048581,10,511431205513,511431205513,True,1025,1024,3,332,2383,138845,3386.4634146341464,2048.0024414033396,0.0011346000246703625
20,4,2303,1099516870657,41,1048576,1048581,10,337110257513,337110257513,True,1025,1024,162,205,2415,140191,3419.2926829268295,2048.0024414033396,0.0011530999327078462
20,5,2303,1099516870657,41,1048576,1048581,10,214241432449,214241432449,True,1025,1024,735,61,2844,162921,3973.682926829268,2048.0024414033396,0.0014138000551611185
20,6,2303,1099516870657,41,1048576,1048581,10,484767953506,484767953506,True,1025,1024,950,201,3199,182516,4451.609756097561,2048.0024414033396,0.0015231999568641186
20,7,2303,1099516870657,41,1048576,1048581,10,385001649193,385001649193,True,1025,1024,799,517,3364,192378,4692.1463414634145,2048.0024414033396,0.0015887999907135963
20,8,2303,1099516870657,41,1048576,1048581,10,973989625517,973989625517,True,1025,1024,368,935,3351,192922,4705.414634146341,2048.0024414033396,0.0015897999983280897
20,9,2303,1099516870657,41,1048576,1048581,10,988500614520,988500614520,True,1025,1024,121,148,2317,134734,3286.1951219512193,2048.0024414033396,0.0011060000397264957
20,10,2303,1099516870657,41,1048576,1048581,10,258593224801,258593224801,True,1025,1024,903,947,3898,222499,5426.804878048781,2048.0024414033396,0.00185929995495826
20,11,2303,1099516870657,41,1048576,1048581,10,834132072433,834132072433,True,1025,1024,50,754,2852,165441,4035.1463414634145,2048.0024414033396,0.0013444999931380153
20,12,2303,1099516870657,41,1048576,1048581,10,866016197754,866016197754,True,1025,1024,665,847,3560,203956,4974.536585365854,2048.0024414033396,0.001680999994277954
20,13,2303,1099516870657,41,1048576,1048581,10,450112451388,450112451388,True,1025,1024,855,749,3652,208627,5088.463414634146,2048.0024414033396,0.0017384999664500356
20,14,2303,1099516870657,41,1048576,1048581,10,520870357992,520870357992,True,1025,1024,812,522,3382,193362,4716.1463414634145,2048.0024414033396,0.0016311000799760222
20,15,2303,1099516870657,41,1048576,1048581,10,117483209166,117483209166,True,1025,1024,370,479,2897,167044,4074.243902439024,2048.0024414033396,0.0015296000055968761
20,16,2303,1099516870657,41,1048576,1048581,10,282539535253,282539535253,True,1025,1024,21,216,2285,133204,3248.878048780488,2048.0024414033396,0.00117790000513196
20,17,2303,1099516870657,41,1048576,1048581,10,61274440078,61274440078,True,1025,1024,901,1009,3958,225915,5510.121951219512,2048.0024414033396,0.0018553000409156084
20,18,2303,1099516870657,41,1048576,1048581,10,304278678556,304278678556,True,1025,1024,558,148,2754,158328,3861.6585365853657,2048.0024414033396,0.0013003000058233738
20,19,2303,1099516870657,41,1048576,1048581,10,1003251134881,1003251134881,True,1025,1024,592,442,3082,176926,4315.268292682927,2048.0024414033396,0.0014631999656558037
20,20,2303,1099516870657,41,1048576,1048581,10,363911588704,363911588704,True,1025,1024,679,869,3596,205951,5023.195121951219,2048.0024414033396,0.0016929000848904252
20,21,2303,1099516870657,41,1048576,1048581,10,632205481097,632205481097,True,1025,1024,270,75,2393,138615,3380.8536585365855,2048.0024414033396,0.001132100005634129
20,22,2303,1099516870657,41,1048576,1048581,10,646274906173,646274906173,True,1025,1024,476,406,2930,168606,4112.341463414634,2048.0024414033396,0.0013907999964430928
20,23,2303,1099516870657,41,1048576,1048581,10,797804692869,797804692869,True,1025,1024,673,309,3030,173713,4236.90243902439,2048.0024414033396,0.0019855001010000706
20,24,2303,1099516870657,41,1048576,1048581,10,672818727227,672818727227,True,1025,1024,657,702,3407,195252,4762.243902439024,2048.0024414033396,0.0025645000860095024
20,25,2303,1099516870657,41,1048576,1048581,10,417559139812,417559139812,True,1025,1024,92,99,2239,130372,3179.8048780487807,2048.0024414033396,0.0014760999474674463
20,26,2303,1099516870657,41,1048576,1048581,10,621874679850,621874679850,True,1025,1024,27,450,2525,146862,3582.0,2048.0024414033396,0.0012028999626636505
20,27,2303,1099516870657,41,1048576,1048581,10,451121259357,451121259357,True,1025,1024,523,222,2793,160651,3918.317073170732,2048.0024414033396,0.0013054999290034175
20,28,2303,1099516870657,41,1048576,1048581,10,1034585898487,1034585898487,True,1025,1024,416,932,3396,195354,4764.731707317073,2048.0024414033396,0.0016121999360620975
20,29,2303,1099516870657,41,1048576,1048581,10,381816302095,381816302095,True,1025,1024,624,767,3439,197172,4809.073170731707,2048.0024414033396,0.0016740000573918223
20,30,2303,1099516870657,41,1048576,1048581,10,357006064856,357006064856,True,1025,1024,5,739,2792,162154,3954.9756097560976,2048.0024414033396,0.0013273999793455005
20,31,2303,1099516870657,41,1048576,1048581,10,644674007683,644674007683,True,1025,1024,1003,721,3772,215016,5244.292682926829,2048.0024414033396,0.001844199956394732
20,32,2303,1099516870657,41,1048576,1048581,10,849001200238,849001200238,True,1025,1024,566,527,3141,180364,4399.121951219512,2048.0024414033396,0.0015134999994188547
20,33,2303,1099516870657,41,1048576,1048581,10,484522779746,484522779746,True,1025,1024,252,917,3217,185637,4527.731707317073,2048.0024414033396,0.0018186999950557947
20,34,2303,1099516870657,41,1048576,1048581,10,139944425228,139944425228,True,1025,1024,527,72,2647,152320,3715.121951219512,2048.0024414033396,0.0014118999242782593
20,35,2303,1099516870657,41,1048576,1048581,10,355317026072,355317026072,True,1025,1024,761,310,3119,178526,4354.292682926829,2048.0024414033396,0.001622700016014278
20,36,2303,1099516870657,41,1048576,1048581,10,781822612709,781822612709,True,1025,1024,409,336,2793,160999,3926.8048780487807,2048.0024414033396,0.0014142999425530434
20,37,2303,1099516870657,41,1048576,1048581,10,251044619766,251044619766,True,1025,1024,643,490,3181,182417,4449.195121951219,2048.0024414033396,0.0015077999560162425
20,38,2303,1099516870657,41,1048576,1048581,10,535538968425,535538968425,True,1025,1024,7,301,2356,137288,3348.487804878049,2048.0024414033396,0.001114899991080165
20,39,2303,1099516870657,41,1048576,1048581,10,867775214867,867775214867,True,1025,1024,826,842,3716,212360,5179.512195121952,2048.0024414033396,0.0018042000010609627
20,40,2303,1099516870657,41,1048576,1048581,10,881204964608,881204964608,True,1025,1024,748,94,2890,165512,4036.878048780488,2048.0024414033396,0.001370800076983869
22,0,2303,17592207015937,45,4194304,4194309,13,15409609911623,15409609911623,True,2049,2048,691,556,5343,344292,7650.933333333333,4096.001220702761,0.004068400012329221
22,1,2303,17592207015937,45,4194304,4194309,13,998696250363,998696250363,True,2049,2048,1325,618,6039,382626,8502.8,4096.001220702761,0.0034829999785870314
22,2,2303,17592207015937,45,4194304,4194309,13,12720774520730,12720774520730,True,2049,2048,222,1409,5727,375274,8339.422222222222,4096.001220702761,0.0028747000033035874
22,3,2303,17592207015937,45,4194304,4194309,13,16181510986029,16181510986029,True,2049,2048,256,1883,6235,408387,9075.266666666666,4096.001220702761,0.002980199991725385
22,4,2303,17592207015937,45,4194304,4194309,13,17009595027680,17009595027680,True,2049,2048,1530,1892,7518,477776,10617.244444444445,4096.001220702761,0.0035838999319821596
22,5,2303,17592207015937,45,4194304,4194309,13,5589853725021,5589853725021,True,2049,2048,168,1471,5735,376438,8365.288888888888,4096.001220702761,0.002737300004810095
22,6,2303,17592207015937,45,4194304,4194309,13,6795448433595,6795448433595,True,2049,2048,1222,785,6103,388083,8624.066666666668,4096.001220702761,0.0029679000144824386
22,7,2303,17592207015937,45,4194304,4194309,13,1903193966564,1903193966564,True,2049,2048,1626,170,5892,369300,8206.666666666666,4096.001220702761,0.003065000055357814
22,8,2303,17592207015937,45,4194304,4194309,13,12460890909405,12460890909405,True,2049,2048,1230,172,5498,348061,7734.688888888889,4096.001220702761,0.002994100097566843
22,9,2303,17592207015937,45,4194304,4194309,13,8056579405679,8056579405679,True,2049,2048,1493,1737,7326,465557,10345.711111111112,4096.001220702761,0.0036307000555098057
22,10,2303,17592207015937,45,4194304,4194309,13,10881338432211,10881338432211,True,2049,2048,930,674,5700,364992,8110.933333333333,4096.001220702761,0.0027131999377161264
22,11,2303,17592207015937,45,4194304,4194309,13,4944711671782,4944711671782,True,2049,2048,1022,921,6039,386254,8583.422222222222,4096.001220702761,0.004226000048220158
22,12,2303,17592207015937,45,4194304,4194309,13,9339732709882,9339732709882,True,2049,2048,32,458,4586,302242,6716.488888888889,4096.001220702761,0.002469100058078766
22,13,2303,17592207015937,45,4194304,4194309,13,16982652356408,16982652356408,True,2049,2048,1563,1571,7230,458376,10186.133333333333,4096.001220702761,0.003535300027579069
22,14,2303,17592207015937,45,4194304,4194309,13,4934244601873,4934244601873,True,2049,2048,47,1475,5618,370167,8225.933333333332,4096.001220702761,0.002776099951006472
22,15,2303,17592207015937,45,4194304,4194309,13,6807000872630,6807000872630,True,2049,2048,1327,685,6108,387149,8603.31111111111,4096.001220702761,0.0031760999700054526
22,16,2303,17592207015937,45,4194304,4194309,13,6110211815096,6110211815096,True,2049,2048,771,202,5069,325252,7227.822222222222,4096.001220702761,0.0029190999921411276
22,17,2303,17592207015937,45,4194304,4194309,13,10134607681834,10134607681834,True,2049,2048,2035,1297,7428,465773,10350.511111111111,4096.001220702761,0.004160899901762605
22,18,2303,17592207015937,45,4194304,4194309,13,14196690334489,14196690334489,True,2049,2048,1667,23,5786,361822,8040.488888888889,4096.001220702761,0.0028486999217420816
22,19,2303,17592207015937,45,4194304,4194309,13,3918900687702,3918900687702,True,2049,2048,1233,1655,6984,446092,9913.155555555555,4096.001220702761,0.0034195000771433115
22,20,2303,17592207015937,45,4194304,4194309,13,6511995312312,6511995312312,True,2049,2048,393,1768,6257,408184,9070.755555555555,4096.001220702761,0.0030312000308185816
22,21,2303,17592207015937,45,4194304,4194309,13,1825776106345,1825776106345,True,2049,2048,95,962,5153,338901,7531.133333333333,4096.001220702761,0.0032818999607115984
22,22,2303,17592207015937,45,4194304,4194309,13,5047788473879,5047788473879,True,2049,2048,1175,1041,6312,402443,8943.177777777777,4096.001220702761,0.0030489000491797924
22,23,2303,17592207015937,45,4194304,4194309,13,13430547583754,13430547583754,True,2049,2048,985,940,6021,385506,8566.8,4096.001220702761,0.0029675998957827687
22,24,2303,17592207015937,45,4194304,4194309,13,1825008284717,1825008284717,True,2049,2048,387,460,4943,321534,7145.2,4096.001220702761,0.0025065999943763018
22,25,2303,17592207015937,45,4194304,4194309,13,7606941184631,7606941184631,True,2049,2048,867,356,5319,340604,7568.977777777778,4096.001220702761,0.0026398999616503716
22,26,2303,17592207015937,45,4194304,4194309,13,15194299471996,15194299471996,True,2049,2048,898,1523,6517,419301,9317.8,4096.001220702761,0.0033481999998912215
22,27,2303,17592207015937,45,4194304,4194309,13,9447083155333,9447083155333,True,2049,2048,1773,894,6763,425032,9445.155555555555,4096.001220702761,0.0032279000151902437
22,28,2303,17592207015937,45,4194304,4194309,13,3217347641446,3217347641446,True,2049,2048,1494,58,5648,354786,7884.133333333333,4096.001220702761,0.0027433999348431826
22,29,2303,17592207015937,45,4194304,4194309,13,1436415026011,1436415026011,True,2049,2048,1426,1089,6611,419156,9314.577777777778,4096.001220702761,0.003186900052241981
22,30,2303,17592207015937,45,4194304,4194309,13,15515205730785,15515205730785,True,2049,2048,138,1063,5297,347890,7730.888888888889,4096.001220702761,0.002543400041759014
22,31,2303,17592207015937,45,4194304,4194309,13,2745088790644,2745088790644,True,2049,2048,1958,1887,7941,500557,11123.488888888889,4096.001220702761,0.0038755000568926334
22,32,2303,17592207015937,45,4194304,4194309,13,16822461964038,16822461964038,True,2049,2048,598,59,4753,306473,6810.511111111111,4096.001220702761,0.0022846999345347285
22,33,2303,17592207015937,45,4194304,4194309,13,13726328484225,13726328484225,True,2049,2048,277,398,4771,311517,6922.6,4096.001220702761,0.0022969000274315476
22,34,2303,17592207015937,45,4194304,4194309,13,9897435193251,9897435193251,True,2049,2048,953,413,5462,349006,7755.688888888889,4096.001220702761,0.002620200044475496
22,35,2303,17592207015937,45,4194304,4194309,13,4446617823015,4446617823015,True,2049,2048,1886,1826,7808,492640,10947.555555555555,4096.001220702761,0.004194200038909912
22,36,2303,17592207015937,45,4194304,4194309,13,2402408335531,2402408335531,True,2049,2048,887,1390,6373,409924,9109.422222222222,4096.001220702761,0.0030975000699982047
22,37,2303,17592207015937,45,4194304,4194309,13,12142484816240,12142484816240,True,2049,2048,1498,443,6037,380411,8453.577777777778,4096.001220702761,0.0029344999929890037
22,38,2303,17592207015937,45,4194304,4194309,13,14339783341449,14339783341449,True,2049,2048,1897,1689,7682,484192,10759.822222222223,4096.001220702761,0.0036640999605879188
22,39,2303,17592207015937,45,4194304,4194309,13,12317362977629,12317362977629,True,2049,2048,1547,1996,7639,485565,10790.333333333334,4096.001220702761,0.0036393998889252543
22,40,2303,17592207015937,45,4194304,4194309,13,9305265451301,9305265451301,True,2049,2048,277,862,5235,342129,7602.866666666667,4096.001220702761,0.0025159999495372176
